ACCELEROMETER X (m/s²),ACCELEROMETER Y (m/s²),ACCELEROMETER Z (m/s²),GRAVITY X (m/s²),GRAVITY Y (m/s²),GRAVITY Z (m/s²),LINEAR ACCELERATION X (m/s²),LINEAR ACCELERATION Y (m/s²),LINEAR ACCELERATION Z (m/s²),GYROSCOPE X (rad/s),GYROSCOPE Y (rad/s),GYROSCOPE Z (rad/s),LIGHT (lux),MAGNETIC FIELD X (μT),MAGNETIC FIELD Y (μT),MAGNETIC FIELD Z (μT),ORIENTATION Z (azimuth °),ORIENTATION X (pitch °),ORIENTATION Y (roll °),PROXIMITY (m),ATMOSPHERIC PRESSURE (hPa),SOUND LEVEL (dB),LOCATION Latitude : ,LOCATION Longitude : ,LOCATION Altitude ( m),LOCATION Altitude-google ( m),LOCATION Altitude-atmospheric pressure ( m),LOCATION Speed ( m/s),LOCATION Accuracy ( m),LOCATION ORIENTATION (°),Satellites in range,GPS NMEA,Time since start in ms ,YYYY-MO-DD HH-MI-SS_SSS
-0.837494,1.823334,9.521042,-1.068759,1.657814,9.606237,-0.070115,-0.021097,-0.369746,-0.137238,0.044373,0.05069,2147.4836,-2.0889,-29.8431,-37.5,168.1418,-9.9357,6.0208,8.0,946.9107,37.65106,36.04823,-115.13119,604.0,NaN,0.034246698,0.0,4.288,,10 / 22,"$GPVTG,,T,,M,0.0,N,0.0,K,A*23::$GPGSV,3,3,11,22,52,314,,25,12,054,,26,15,143,*4B::$GNVTG,,T,,M,0.0,N,0.0,K,A*3D::$GNRMC,201357.00,A,3602.893674,N,11507.871040,W,0.0,,011219,12.3,E,A*27::$GPRMC,201250.00,A,3602.900816,N,11507.877206,W,0.0,,011219,12.3,E,A*38::$GPGGA,201250.00,3602.900816,N,11507.877206,W,1,00,0.7,621.0,M,-18.0,M,,*53::$GNGGA,201357.00,3602.893674,N,11507.871040,W,1,10,1.2,622.0,M,-18.0,M,,*4A::$GNGSA,A,2,70,71,85,,,,,,,,,,1.5,1.2,0.9,2*31::$GPGSA,A,1,,,,,,,,,,,,,1.0,0.7,0.7,1*2C::$GAGSV,1,1,0,*74::$GLGSV,3,3,10,87,11,327,,72,08,296,*6D::$GBGSV,1,1,0,*77::$PQGSV,1,1,0,*73",20,2019-12-01 12:13:56:826
-0.753738,1.983643,9.341583,-1.067484,1.643147,9.608898,0.299528,0.347473,-0.165716,-0.052963,-0.002045,0.055588,2147.4836,0.032,-30.4886,-33.8211,171.0783,-9.6457,6.3392,8.0,946.9107,38.40296,36.04823,-115.13119,604.0,NaN,0.034246698,0.0,4.288,,10 / 22,"$GPVTG,,T,,M,0.0,N,0.0,K,A*23::$GPGSV,3,3,11,22,52,314,,25,12,054,,26,15,143,*4B::$GNVTG,,T,,M,0.0,N,0.0,K,A*3D::$GNRMC,201357.00,A,3602.893674,N,11507.871040,W,0.0,,011219,12.3,E,A*27::$GPRMC,201250.00,A,3602.900816,N,11507.877206,W,0.0,,011219,12.3,E,A*38::$GPGGA,201250.00,3602.900816,N,11507.877206,W,1,00,0.7,621.0,M,-18.0,M,,*53::$GNGGA,201357.00,3602.893674,N,11507.871040,W,1,10,1.2,622.0,M,-18.0,M,,*4A::$GNGSA,A,2,70,71,85,,,,,,,,,,1.5,1.2,0.9,2*31::$GPGSA,A,1,,,,,,,,,,,,,1.0,0.7,0.7,1*2C::$GAGSV,1,1,0,*74::$GLGSV,3,3,10,87,11,327,,72,08,296,*6D::$GBGSV,1,1,0,*77::$PQGSV,1,1,0,*73",120,2019-12-01 12:13:56:926
-1.296905,1.603195,9.57608,-1.058168,1.59748,9.617626,-0.166275,0.047305,0.081591,-0.057846,0.090805,0.0849,2147.4836,-1.3748,-29.8447,-33.8257,169.7336,-9.4188,6.2208,8.0,946.917,38.40296,36.04823,-115.13119,604.0,NaN,-0.019026008,0.0,4.288,,10 / 22,"$GPVTG,,T,,M,0.0,N,0.0,K,A*23::$GPGSV,3,3,11,22,52,314,,25,12,054,,26,15,143,*4B::$GNVTG,,T,,M,0.0,N,0.0,K,A*3D::$GNRMC,201357.00,A,3602.893674,N,11507.871040,W,0.0,,011219,12.3,E,A*27::$GPRMC,201250.00,A,3602.900816,N,11507.877206,W,0.0,,011219,12.3,E,A*38::$GPGGA,201250.00,3602.900816,N,11507.877206,W,1,00,0.7,621.0,M,-18.0,M,,*53::$GNGGA,201357.00,3602.893674,N,11507.871040,W,1,10,1.2,622.0,M,-18.0,M,,*4A::$GNGSA,A,2,70,71,85,,,,,,,,,,1.5,1.2,0.9,2*31::$GPGSA,A,1,,,,,,,,,,,,,1.0,0.7,0.7,1*2C::$GAGSV,1,1,0,*74::$GLGSV,3,3,10,87,11,327,,72,08,296,*6D::$GBGSV,1,1,0,*77::$PQGSV,1,1,0,*73",220,2019-12-01 12:13:57:026
-1.330414,2.029114,9.090332,-1.183779,1.605048,9.601712,-0.212905,0.350516,-0.302242,-0.010193,0.089584,0.116669,2147.4836,-2.0721,-29.184,-33.8287,165.2515,-9.3917,6.9381,8.0,946.9167,38.40296,36.04823,-115.13119,604.0,NaN,-0.017123405,0.0,4.288,,9 / 22,"$GPVTG,,T,,M,0.0,N,0.0,K,A*23::$GPGSV,3,3,11,22,52,314,,25,12,054,,26,15,143,*4B::$GNVTG,,T,,M,0.0,N,0.0,K,A*3D::$GNRMC,201357.00,A,3602.893674,N,11507.871040,W,0.0,,011219,12.3,E,A*27::$GPRMC,201250.00,A,3602.900816,N,11507.877206,W,0.0,,011219,12.3,E,A*38::$GPGGA,201250.00,3602.900816,N,11507.877206,W,1,00,0.7,621.0,M,-18.0,M,,*53::$GNGGA,201357.00,3602.893674,N,11507.871040,W,1,10,1.2,622.0,M,-18.0,M,,*4A::$GNGSA,A,2,70,71,85,,,,,,,,,,1.5,1.2,0.9,2*31::$GPGSA,A,1,,,,,,,,,,,,,1.0,0.7,0.7,1*2C::$GAGSV,1,1,0,*74::$GLGSV,3,3,10,87,11,327,,72,08,296,*6D::$GBGSV,1,1,0,*77::$PQGSV,1,1,0,*73",321,2019-12-01 12:13:57:127
-1.488342,2.419144,9.107086,-1.265227,1.548463,9.600616,-0.342944,0.964931,-0.320501,-0.057846,-0.043594,0.062912,2147.4836,-2.0737,-29.1733,-36.0336,166.9649,-9.0928,7.5557,8.0,946.9167,38.40296,36.04823,-115.13119,604.0,NaN,-0.017123405,0.0,4.288,,9 / 22,"$GPVTG,,T,,M,0.0,N,0.0,K,A*23::$GPGSV,3,3,11,22,52,314,,25,12,054,,26,15,143,*4B::$GNVTG,,T,,M,0.0,N,0.0,K,A*3D::$GNRMC,201358.00,A,3602.893733,N,11507.871091,W,0.0,,011219,12.3,E,A*26::$GPRMC,201250.00,A,3602.900816,N,11507.877206,W,0.0,,011219,12.3,E,A*38::$GPGGA,201250.00,3602.900816,N,11507.877206,W,1,00,0.7,621.0,M,-18.0,M,,*53::$GNGGA,201358.00,3602.893733,N,11507.871091,W,1,09,1.0,622.0,M,-18.0,M,,*41::$GNGSA,A,2,70,71,85,,,,,,,,,,1.3,1.0,0.9,2*35::$GPGSA,A,1,,,,,,,,,,,,,1.0,0.7,0.7,1*2C::$GAGSV,1,1,0,*74::$GLGSV,3,3,10,87,11,327,,72,08,296,*6D::$GBGSV,1,1,0,*77::$PQGSV,1,1,0,*73",420,2019-12-01 12:13:57:226
-1.342377,2.167893,9.63829,-1.391425,1.455369,9.59772,-0.15696,0.689839,0.754613,0.006897,0.220306,-0.001846,2147.4836,-1.3107,-27.1332,-35.3104,164.7486,-8.5001,8.0474,8.0,946.9182,36.54503,36.04823,-115.13119,604.0,NaN,-0.02901468,0.0,4.288,,9 / 22,"$GPVTG,,T,,M,0.0,N,0.0,K,A*23::$GPGSV,3,3,11,22,52,314,,25,12,054,,26,15,143,*4B::$GNVTG,,T,,M,0.0,N,0.0,K,A*3D::$GNRMC,201358.00,A,3602.893733,N,11507.871091,W,0.0,,011219,12.3,E,A*26::$GPRMC,201250.00,A,3602.900816,N,11507.877206,W,0.0,,011219,12.3,E,A*38::$GPGGA,201250.00,3602.900816,N,11507.877206,W,1,00,0.7,621.0,M,-18.0,M,,*53::$GNGGA,201358.00,3602.893733,N,11507.871091,W,1,09,1.0,622.0,M,-18.0,M,,*41::$GNGSA,A,2,70,71,85,,,,,,,,,,1.3,1.0,0.9,2*35::$GPGSA,A,1,,,,,,,,,,,,,1.0,0.7,0.7,1*2C::$GAGSV,1,1,0,*74::$GLGSV,3,3,10,87,11,327,,72,08,296,*6D::$GBGSV,1,1,0,*77::$PQGSV,1,1,0,*73",522,2019-12-01 12:13:57:328
-0.983444,2.758927,9.554535,-1.544864,1.51859,9.564396,0.539809,1.164655,0.211175,0.053329,0.227631,-0.054367,2147.4836,0.7751,-29.1092,-36.0321,159.7669,-8.8288,8.9712,8.0,946.9163,36.54503,36.04823,-115.13119,604.0,NaN,-0.01284255,0.0,4.288,,9 / 22,"$GPVTG,,T,,M,0.0,N,0.0,K,A*23::$GPGSV,3,3,11,22,52,314,,25,12,054,,26,15,143,*4B::$GNVTG,,T,,M,0.0,N,0.0,K,A*3D::$GNRMC,201358.00,A,3602.893733,N,11507.871091,W,0.0,,011219,12.3,E,A*26::$GPRMC,201250.00,A,3602.900816,N,11507.877206,W,0.0,,011219,12.3,E,A*38::$GPGGA,201250.00,3602.900816,N,11507.877206,W,1,00,0.7,621.0,M,-18.0,M,,*53::$GNGGA,201358.00,3602.893733,N,11507.871091,W,1,09,1.0,622.0,M,-18.0,M,,*41::$GNGSA,A,2,70,71,85,,,,,,,,,,1.3,1.0,0.9,2*35::$GPGSA,A,1,,,,,,,,,,,,,1.0,0.7,0.7,1*2C::$GAGSV,1,1,0,*74::$GLGSV,3,3,10,87,11,327,,72,08,296,*6D::$GBGSV,1,1,0,*77::$PQGSV,1,1,0,*73",621,2019-12-01 12:13:57:427
-1.572082,2.732605,9.166901,-1.846347,1.608787,9.495957,0.289379,1.070703,-0.234728,0.144959,0.139679,-0.236404,2147.4836,2.1683,-30.4291,-36.0245,168.5661,-9.3356,10.854,8.0,946.9163,36.54503,36.04823,-115.13119,604.0,NaN,-0.01284255,0.0,4.288,,9 / 22,"$GPVTG,,T,,M,0.0,N,0.0,K,A*23::$GPGSV,3,3,11,22,52,314,,25,12,054,,26,15,143,*4B::$GNVTG,,T,,M,0.0,N,0.0,K,A*3D::$GNRMC,201358.00,A,3602.893733,N,11507.871091,W,0.0,,011219,12.3,E,A*26::$GPRMC,201250.00,A,3602.900816,N,11507.877206,W,0.0,,011219,12.3,E,A*38::$GPGGA,201250.00,3602.900816,N,11507.877206,W,1,00,0.7,621.0,M,-18.0,M,,*53::$GNGGA,201358.00,3602.893733,N,11507.871091,W,1,09,1.0,622.0,M,-18.0,M,,*41::$GNGSA,A,2,70,71,85,,,,,,,,,,1.3,1.0,0.9,2*35::$GPGSA,A,1,,,,,,,,,,,,,1.0,0.7,0.7,1*2C::$GAGSV,1,1,0,*74::$GLGSV,3,3,10,87,11,327,,72,08,296,*6D::$GBGSV,1,1,0,*77::$PQGSV,1,1,0,*73",720,2019-12-01 12:13:57:526
-1.916656,2.423935,9.891922,-1.985945,1.723827,9.447477,0.023049,0.730966,0.567654,0.353882,-0.009384,-0.181412,2147.4836,1.474,-29.7775,-34.5596,167.1617,-9.7806,11.752,8.0,946.9196,37.52622,36.04823,-115.13119,604.0,NaN,-0.040430322,0.0,4.288,,9 / 22,"$GPVTG,,T,,M,0.0,N,0.0,K,A*23::$GPGSV,3,3,11,22,52,314,,25,12,054,,26,15,143,*4B::$GNVTG,,T,,M,0.0,N,0.0,K,A*3D::$GNRMC,201358.00,A,3602.893733,N,11507.871091,W,0.0,,011219,12.3,E,A*26::$GPRMC,201250.00,A,3602.900816,N,11507.877206,W,0.0,,011219,12.3,E,A*38::$GPGGA,201250.00,3602.900816,N,11507.877206,W,1,00,0.7,621.0,M,-18.0,M,,*53::$GNGGA,201358.00,3602.893733,N,11507.871091,W,1,09,1.0,622.0,M,-18.0,M,,*41::$GNGSA,A,2,70,71,85,,,,,,,,,,1.3,1.0,0.9,2*35::$GPGSA,A,1,,,,,,,,,,,,,1.0,0.7,0.7,1*2C::$GAGSV,1,1,0,*74::$GLGSV,3,3,10,87,11,327,,72,08,296,*6D::$GBGSV,1,1,0,*77::$PQGSV,1,1,0,*73",820,2019-12-01 12:13:57:626
-1.90947,2.050644,9.934998,-2.070551,1.897132,9.395962,0.14824,0.180927,0.644636,-0.079834,0.172653,-0.587021,2147.4836,3.5934,-30.4077,-33.8196,171.7509,-11.2793,12.2398,8.0,946.9111,37.52622,36.04823,-115.13119,604.0,NaN,0.030441519,0.0,4.288,,9 / 22,"$GPVTG,,T,,M,0.0,N,0.0,K,A*23::$GPGSV,3,3,11,22,52,314,,25,12,054,,26,15,143,*4B::$GNVTG,,T,,M,0.0,N,0.0,K,A*3D::$GNRMC,201358.00,A,3602.893733,N,11507.871091,W,0.0,,011219,12.3,E,A*26::$GPRMC,201250.00,A,3602.900816,N,11507.877206,W,0.0,,011219,12.3,E,A*38::$GPGGA,201250.00,3602.900816,N,11507.877206,W,1,00,0.7,621.0,M,-18.0,M,,*53::$GNGGA,201358.00,3602.893733,N,11507.871091,W,1,09,1.0,622.0,M,-18.0,M,,*41::$GNGSA,A,2,70,71,85,,,,,,,,,,1.3,1.0,0.9,2*35::$GPGSA,A,1,,,,,,,,,,,,,1.0,0.7,0.7,1*2C::$GAGSV,1,1,0,*74::$GLGSV,3,3,10,87,11,327,,72,08,296,*6D::$GBGSV,1,1,0,*77::$PQGSV,1,1,0,*73",921,2019-12-01 12:13:57:727
-2.086548,1.787445,8.652451,-2.429994,1.808429,9.327117,0.222513,-0.065002,-0.549408,0.202377,0.155563,-0.379333,2147.4836,6.4285,-31.0226,-33.0795,170.372,-10.5214,13.6179,8.0,946.9111,37.52622,36.04823,-115.13119,604.0,NaN,0.030441519,0.0,4.288,,9 / 22,"$GPVTG,,T,,M,0.0,N,0.0,K,A*23::$GPGSV,3,3,11,22,52,314,,25,12,054,,26,15,143,*4B::$GNVTG,,T,,M,0.0,N,0.0,K,A*3D::$GNRMC,201358.00,A,3602.893733,N,11507.871091,W,0.0,,011219,12.3,E,A*26::$GPRMC,201250.00,A,3602.900816,N,11507.877206,W,0.0,,011219,12.3,E,A*38::$GPGGA,201250.00,3602.900816,N,11507.877206,W,1,00,0.7,621.0,M,-18.0,M,,*53::$GNGGA,201358.00,3602.893733,N,11507.871091,W,1,09,1.0,622.0,M,-18.0,M,,*41::$GNGSA,A,2,70,71,85,,,,,,,,,,1.3,1.0,0.9,2*35::$GPGSA,A,1,,,,,,,,,,,,,1.0,0.7,0.7,1*2C::$GAGSV,1,1,0,*74::$GLGSV,3,3,10,87,11,327,,72,08,296,*6D::$GBGSV,1,1,0,*77::$PQGSV,1,1,0,*73",1021,2019-12-01 12:13:57:827
-1.366302,1.387833,9.119049,-2.509129,1.879234,9.292101,0.881361,-0.510073,0.57458,0.417419,0.14212,-0.558929,2147.4836,5.6839,-32.3975,-32.338,174.2199,-11.0478,15.1111,8.0,946.9065,36.90039,36.04823,-115.13119,604.0,NaN,0.069444545,0.0,4.288,,9 / 22,"$GPVTG,,T,,M,0.0,N,0.0,K,A*23::$GPGSV,3,3,11,22,52,314,,25,12,054,,26,15,143,*4B::$GNVTG,,T,,M,0.0,N,0.0,K,A*3D::$GNRMC,201358.00,A,3602.893733,N,11507.871091,W,0.0,,011219,12.3,E,A*26::$GPRMC,201250.00,A,3602.900816,N,11507.877206,W,0.0,,011219,12.3,E,A*38::$GPGGA,201250.00,3602.900816,N,11507.877206,W,1,00,0.7,621.0,M,-18.0,M,,*53::$GNGGA,201358.00,3602.893733,N,11507.871091,W,1,09,1.0,622.0,M,-18.0,M,,*41::$GNGSA,A,2,70,71,85,,,,,,,,,,1.3,1.0,0.9,2*35::$GPGSA,A,1,,,,,,,,,,,,,1.0,0.7,0.7,1*2C::$GAGSV,1,1,0,*74::$GLGSV,3,3,10,87,11,327,,72,08,296,*6D::$GBGSV,1,1,0,*77::$PQGSV,1,1,0,*73",1120,2019-12-01 12:13:57:926
-1.435699,1.342377,9.899109,-2.720865,1.898684,9.228341,1.20832,-0.527485,0.716862,0.165726,0.016281,-0.72876,2147.4836,9.9579,-32.2876,-35.2768,179.3949,-11.3735,16.1604,8.0,946.9095,36.90039,36.04823,-115.13119,604.0,NaN,0.043759644,0.0,4.288,,9 / 22,"$GPVTG,,T,,M,0.0,N,0.0,K,A*23::$GPGSV,3,3,11,22,52,314,,25,12,054,,26,15,143,*4B::$GNVTG,,T,,M,0.0,N,0.0,K,A*3D::$GNRMC,201358.00,A,3602.893733,N,11507.871091,W,0.0,,011219,12.3,E,A*26::$GPRMC,201250.00,A,3602.900816,N,11507.877206,W,0.0,,011219,12.3,E,A*38::$GPGGA,201250.00,3602.900816,N,11507.877206,W,1,00,0.7,621.0,M,-18.0,M,,*53::$GNGGA,201358.00,3602.893733,N,11507.871091,W,1,09,1.0,622.0,M,-18.0,M,,*41::$GNGSA,A,2,70,71,85,,,,,,,,,,1.3,1.0,0.9,2*35::$GPGSA,A,1,,,,,,,,,,,,,1.0,0.7,0.7,1*2C::$GAGSV,1,1,0,*74::$GLGSV,3,3,10,87,11,327,,72,08,296,*6D::$GBGSV,1,1,0,*77::$PQGSV,1,1,0,*73",1222,2019-12-01 12:13:58:028
-1.797012,2.060227,8.839081,-3.008587,1.958456,9.125965,1.420392,0.010524,-0.219162,0.407623,-0.0448,-0.826477,2147.4836,12.8235,-31.5613,-32.338,185.4321,-11.5198,18.246,8.0,946.9095,36.90039,36.04823,-115.13119,604.0,NaN,0.043759644,0.0,4.288,,11 / 22,"$GPVTG,,T,,M,0.0,N,0.0,K,A*23::$GPGSV,3,3,11,26,15,143,20,31,69,082,35,32,28,060,34*46::$GNVTG,,T,,M,0.0,N,0.0,K,A*3D::$GNRMC,201358.00,A,3602.893733,N,11507.871091,W,0.0,,011219,12.3,E,A*26::$GPRMC,201250.00,A,3602.900816,N,11507.877206,W,0.0,,011219,12.3,E,A*38::$GPGGA,201250.00,3602.900816,N,11507.877206,W,1,00,0.7,621.0,M,-18.0,M,,*53::$GNGGA,201358.00,3602.893733,N,11507.871091,W,1,09,1.0,622.0,M,-18.0,M,,*41::$GNGSA,A,2,70,71,85,,,,,,,,,,1.3,1.0,0.9,2*35::$GPGSA,A,1,,,,,,,,,,,,,1.0,0.7,0.7,1*2C::$GAGSV,1,1,0,*74::$GLGSV,3,3,10,69,01,095,,72,08,296,*66::$GBGSV,1,1,0,*77::$PQGSV,1,1,0,*73",1321,2019-12-01 12:13:58:127
-2.931213,1.658234,10.078568,-3.165269,1.933678,9.078126,0.185304,-0.239954,1.10109,0.433289,0.098145,-0.885132,2147.4836,15.625,-33.5297,-30.8578,190.7398,-11.3453,19.0015,8.0,946.9066,36.90039,36.04822,-115.13118,603.0,NaN,0.068493254,0.34,4.288,170.5,11 / 22,"$GPVTG,,T,,M,0.0,N,0.0,K,A*23::$GPGSV,3,3,11,26,15,143,20,31,69,082,35,32,28,060,34*46::$GNVTG,170.5,T,170.5,M,0.7,N,1.2,K,A*39::$GNRMC,201359.00,A,3602.893181,N,11507.870900,W,0.7,170.5,011219,12.3,E,A*02::$GPRMC,201250.00,A,3602.900816,N,11507.877206,W,0.0,,011219,12.3,E,A*38::$GPGGA,201250.00,3602.900816,N,11507.877206,W,1,00,0.7,621.0,M,-18.0,M,,*53::$GNGGA,201359.00,3602.893181,N,11507.870900,W,1,11,0.7,621.0,M,-18.0,M,,*43::$GNGSA,A,3,70,71,80,85,,,,,,,,,1.0,0.7,0.7,2*37::$GPGSA,A,1,,,,,,,,,,,,,1.0,0.7,0.7,1*2C::$GAGSV,1,1,0,*74::$GLGSV,3,3,10,69,01,095,,72,08,296,*66::$GBGSV,1,1,0,*77::$PQGSV,1,1,0,*73",1422,2019-12-01 12:13:58:228
-2.998199,2.38086,10.466202,-3.379522,2.089273,8.965721,0.466352,0.370225,1.798172,0.576218,0.093246,-0.687195,2147.4836,17.7795,-32.814,-29.3884,190.617,-12.0561,20.3872,8.0,946.8984,36.65161,36.04822,-115.13118,603.0,NaN,0.1379372,0.34,4.288,170.5,11 / 22,"$GPVTG,,T,,M,0.0,N,0.0,K,A*23::$GPGSV,3,3,11,26,15,143,20,31,69,082,35,32,28,060,34*46::$GNVTG,170.5,T,170.5,M,0.7,N,1.2,K,A*39::$GNRMC,201359.00,A,3602.893181,N,11507.870900,W,0.7,170.5,011219,12.3,E,A*02::$GPRMC,201250.00,A,3602.900816,N,11507.877206,W,0.0,,011219,12.3,E,A*38::$GPGGA,201250.00,3602.900816,N,11507.877206,W,1,00,0.7,621.0,M,-18.0,M,,*53::$GNGGA,201359.00,3602.893181,N,11507.870900,W,1,11,0.7,621.0,M,-18.0,M,,*43::$GNGSA,A,3,70,71,80,85,,,,,,,,,1.0,0.7,0.7,2*37::$GPGSA,A,1,,,,,,,,,,,,,1.0,0.7,0.7,1*2C::$GAGSV,1,1,0,*74::$GLGSV,3,3,10,69,01,095,,72,08,296,*66::$GBGSV,1,1,0,*77::$PQGSV,1,1,0,*73",1521,2019-12-01 12:13:58:327
-4.223327,0.746567,11.011765,-3.513552,2.154883,8.898416,-0.081562,-0.818621,2.417393,0.369766,0.04071,-0.929108,2147.4836,20.5963,-34.1064,-28.6468,199.4323,-12.8017,21.3724,8.0,946.89,36.65161,36.04822,-115.13118,603.0,NaN,0.2092831,0.34,4.288,170.5,11 / 22,"$GPVTG,,T,,M,0.0,N,0.0,K,A*23::$GPGSV,3,3,11,26,15,143,20,31,69,082,35,32,28,060,34*46::$GNVTG,170.5,T,170.5,M,0.7,N,1.2,K,A*39::$GNRMC,201359.00,A,3602.893181,N,11507.870900,W,0.7,170.5,011219,12.3,E,A*02::$GPRMC,201250.00,A,3602.900816,N,11507.877206,W,0.0,,011219,12.3,E,A*38::$GPGGA,201250.00,3602.900816,N,11507.877206,W,1,00,0.7,621.0,M,-18.0,M,,*53::$GNGGA,201359.00,3602.893181,N,11507.870900,W,1,11,0.7,621.0,M,-18.0,M,,*43::$GNGSA,A,3,70,71,80,85,,,,,,,,,1.0,0.7,0.7,2*37::$GPGSA,A,1,,,,,,,,,,,,,1.0,0.7,0.7,1*2C::$GAGSV,1,1,0,*74::$GLGSV,3,3,10,69,01,095,,72,08,296,*66::$GBGSV,1,1,0,*77::$PQGSV,1,1,0,*73",1621,2019-12-01 12:13:58:427
-3.369095,1.378265,9.181259,-3.679825,2.217425,8.815458,0.396148,-0.738482,0.384585,0.433289,-0.02037,-0.677429,2147.4836,22.7158,-34.7412,-27.1713,205.1591,-13.1477,22.3883,8.0,946.89,36.65161,36.04822,-115.13118,603.0,NaN,0.2092831,0.34,4.288,170.5,11 / 22,"$GPVTG,,T,,M,0.0,N,0.0,K,A*23::$GPGSV,3,3,11,26,15,143,20,31,69,082,35,32,28,060,34*46::$GNVTG,170.5,T,170.5,M,0.7,N,1.2,K,A*39::$GNRMC,201359.00,A,3602.893181,N,11507.870900,W,0.7,170.5,011219,12.3,E,A*02::$GPRMC,201250.00,A,3602.900816,N,11507.877206,W,0.0,,011219,12.3,E,A*38::$GPGGA,201250.00,3602.900816,N,11507.877206,W,1,00,0.7,621.0,M,-18.0,M,,*53::$GNGGA,201359.00,3602.893181,N,11507.870900,W,1,11,0.7,621.0,M,-18.0,M,,*43::$GNGSA,A,3,70,71,80,85,,,,,,,,,1.0,0.7,0.7,2*37::$GPGSA,A,1,,,,,,,,,,,,,1.0,0.7,0.7,1*2C::$GAGSV,1,1,0,*74::$GLGSV,3,3,10,69,01,095,,72,08,296,*66::$GBGSV,1,1,0,*77::$PQGSV,1,1,0,*73",1721,2019-12-01 12:13:58:527
-3.333206,1.43808,8.738586,-3.731006,2.28205,8.77737,0.423048,-0.806178,0.162003,0.5298,-0.300125,-0.948654,2147.4836,25.5966,-33.3237,-27.1774,209.1136,-13.4122,23.051,8.0,946.8867,35.86899,36.04822,-115.13118,603.0,NaN,0.23687,0.34,4.288,170.5,11 / 22,"$GPVTG,,T,,M,0.0,N,0.0,K,A*23::$GPGSV,3,3,11,26,15,143,20,31,69,082,35,32,28,060,34*46::$GNVTG,170.5,T,170.5,M,0.7,N,1.2,K,A*39::$GNRMC,201359.00,A,3602.893181,N,11507.870900,W,0.7,170.5,011219,12.3,E,A*02::$GPRMC,201250.00,A,3602.900816,N,11507.877206,W,0.0,,011219,12.3,E,A*38::$GPGGA,201250.00,3602.900816,N,11507.877206,W,1,00,0.7,621.0,M,-18.0,M,,*53::$GNGGA,201359.00,3602.893181,N,11507.870900,W,1,11,0.7,621.0,M,-18.0,M,,*43::$GNGSA,A,3,70,71,80,85,,,,,,,,,1.0,0.7,0.7,2*37::$GPGSA,A,1,,,,,,,,,,,,,1.0,0.7,0.7,1*2C::$GAGSV,1,1,0,*74::$GLGSV,3,3,10,69,01,095,,72,08,296,*66::$GBGSV,1,1,0,*77::$PQGSV,1,1,0,*73",1821,2019-12-01 12:13:58:627
-3.158523,2.069794,8.559128,-3.748145,2.251234,8.778027,0.559372,-0.111565,0.077849,0.390533,-0.192612,-0.921768,2147.4836,27.7679,-31.9351,-24.9802,214.3567,-13.4205,23.0798,8.0,946.8867,35.86899,36.04822,-115.13118,603.0,NaN,0.23687,0.34,4.288,170.5,11 / 22,"$GPVTG,,T,,M,0.0,N,0.0,K,A*23::$GPGSV,3,3,11,26,15,143,20,31,69,082,35,32,28,060,34*46::$GNVTG,170.5,T,170.5,M,0.7,N,1.2,K,A*39::$GNRMC,201359.00,A,3602.893181,N,11507.870900,W,0.7,170.5,011219,12.3,E,A*02::$GPRMC,201250.00,A,3602.900816,N,11507.877206,W,0.0,,011219,12.3,E,A*38::$GPGGA,201250.00,3602.900816,N,11507.877206,W,1,00,0.7,621.0,M,-18.0,M,,*53::$GNGGA,201359.00,3602.893181,N,11507.870900,W,1,11,0.7,621.0,M,-18.0,M,,*43::$GNGSA,A,3,70,71,80,85,,,,,,,,,1.0,0.7,0.7,2*37::$GPGSA,A,1,,,,,,,,,,,,,1.0,0.7,0.7,1*2C::$GAGSV,1,1,0,*74::$GLGSV,3,3,10,69,01,095,,72,08,296,*66::$GBGSV,1,1,0,*77::$PQGSV,1,1,0,*73",1921,2019-12-01 12:13:58:727
-3.12503,2.629715,8.59024,-3.81443,2.200462,8.762333,0.611386,0.461334,-0.069514,0.290344,-0.184067,-0.963303,2147.4836,29.2068,-31.2271,-24.9832,216.5845,-13.0674,23.5006,8.0,946.8788,35.86899,36.04822,-115.13118,603.0,NaN,0.30250743,0.34,4.288,170.5,11 / 22,"$GPVTG,,T,,M,0.0,N,0.0,K,A*23::$GPGSV,3,3,11,26,15,143,20,31,69,082,35,32,28,060,34*46::$GNVTG,170.5,T,170.5,M,0.7,N,1.2,K,A*39::$GNRMC,201359.00,A,3602.893181,N,11507.870900,W,0.7,170.5,011219,12.3,E,A*02::$GPRMC,201250.00,A,3602.900816,N,11507.877206,W,0.0,,011219,12.3,E,A*38::$GPGGA,201250.00,3602.900816,N,11507.877206,W,1,00,0.7,621.0,M,-18.0,M,,*53::$GNGGA,201359.00,3602.893181,N,11507.870900,W,1,11,0.7,621.0,M,-18.0,M,,*43::$GNGSA,A,3,70,71,80,85,,,,,,,,,1.0,0.7,0.7,2*37::$GPGSA,A,1,,,,,,,,,,,,,1.0,0.7,0.7,1*2C::$GAGSV,1,1,0,*74::$GLGSV,3,3,10,69,01,095,,72,08,296,*66::$GBGSV,1,1,0,*77::$PQGSV,1,1,0,*73",2020,2019-12-01 12:13:58:826
-3.103485,2.804382,9.430115,-3.861242,2.206197,8.740359,0.721179,0.648319,0.762107,0.396622,-0.313568,-1.070831,2147.4836,32.0892,-29.8233,-22.0505,222.6016,-13.0045,24.0757,8.0,946.8802,35.68274,36.04822,-115.13118,603.0,NaN,0.29109228,0.34,4.288,170.5,11 / 22,"$GPVTG,,T,,M,0.0,N,0.0,K,A*23::$GPGSV,3,3,11,26,15,143,20,31,69,082,35,32,28,060,34*46::$GNVTG,170.5,T,170.5,M,0.7,N,1.2,K,A*39::$GNRMC,201359.00,A,3602.893181,N,11507.870900,W,0.7,170.5,011219,12.3,E,A*02::$GPRMC,201250.00,A,3602.900816,N,11507.877206,W,0.0,,011219,12.3,E,A*38::$GPGGA,201250.00,3602.900816,N,11507.877206,W,1,00,0.7,621.0,M,-18.0,M,,*53::$GNGGA,201359.00,3602.893181,N,11507.870900,W,1,11,0.7,621.0,M,-18.0,M,,*43::$GNGSA,A,3,70,71,80,85,,,,,,,,,1.0,0.7,0.7,2*37::$GPGSA,A,1,,,,,,,,,,,,,1.0,0.7,0.7,1*2C::$GAGSV,1,1,0,*74::$GLGSV,3,3,10,69,01,095,,72,08,296,*66::$GBGSV,1,1,0,*77::$PQGSV,1,1,0,*73",2120,2019-12-01 12:13:58:926
-3.804581,2.627319,7.72403,-4.054907,2.326098,8.620753,0.402348,0.310691,-0.773786,0.567673,-0.048477,-1.17102,2147.4836,33.5953,-26.4053,-22.7997,231.2467,-13.5676,24.7991,8.0,946.8802,35.68274,36.04822,-115.13118,603.0,NaN,0.29109228,0.34,4.288,170.5,11 / 22,"$GPVTG,,T,,M,0.0,N,0.0,K,A*23::$GPGSV,3,3,11,26,15,143,20,31,69,082,35,32,28,060,34*46::$GNVTG,170.5,T,170.5,M,0.7,N,1.2,K,A*39::$GNRMC,201359.00,A,3602.893181,N,11507.870900,W,0.7,170.5,011219,12.3,E,A*02::$GPRMC,201250.00,A,3602.900816,N,11507.877206,W,0.0,,011219,12.3,E,A*38::$GPGGA,201250.00,3602.900816,N,11507.877206,W,1,00,0.7,621.0,M,-18.0,M,,*53::$GNGGA,201359.00,3602.893181,N,11507.870900,W,1,11,0.7,621.0,M,-18.0,M,,*43::$GNGSA,A,3,70,71,80,85,,,,,,,,,1.0,0.7,0.7,2*37::$GPGSA,A,1,,,,,,,,,,,,,1.0,0.7,0.7,1*2C::$GAGSV,1,1,0,*74::$GLGSV,3,3,10,69,01,095,,72,08,296,*66::$GBGSV,1,1,0,*77::$PQGSV,1,1,0,*73",2220,2019-12-01 12:13:59:026
-3.192032,1.603195,9.104691,-4.170403,2.069957,8.630956,1.035363,-0.408051,0.367252,0.925644,0.408463,-0.955978,2147.4836,34.3704,-23.6938,-20.6116,231.1239,-11.9176,24.5624,8.0,946.8854,35.68274,36.048218,-115.13118,604.0,NaN,0.24733397,0.36,4.288,161.9,16 / 22,"$GPVTG,,T,,M,0.0,N,0.0,K,A*23::$GPGSV,3,1,11,01,50,265,25,03,30,312,18,10,11,120,21,11,26,251,27*76::$GNVTG,170.5,T,170.5,M,0.7,N,1.2,K,A*39::$GNRMC,201359.00,A,3602.893181,N,11507.870900,W,0.7,170.5,011219,12.3,E,A*02::$GPRMC,201250.00,A,3602.900816,N,11507.877206,W,0.0,,011219,12.3,E,A*38::$GPGGA,201250.00,3602.900816,N,11507.877206,W,1,00,0.7,621.0,M,-18.0,M,,*53::$GNGGA,201359.00,3602.893181,N,11507.870900,W,1,11,0.7,621.0,M,-18.0,M,,*43::$GNGSA,A,3,70,71,80,85,,,,,,,,,1.0,0.7,0.7,2*37::$GPGSA,A,1,,,,,,,,,,,,,1.0,0.7,0.7,1*2C::$GAGSV,1,1,0,*74::$GLGSV,3,3,10,69,01,095,,72,08,296,*66::$GBGSV,1,1,0,*77::$PQGSV,1,1,0,*73",2320,2019-12-01 12:13:59:126
-2.356933,1.84726,9.279373,-4.202656,2.160484,8.593042,1.796113,-0.269833,0.875977,0.364868,-0.434509,-1.280975,2147.4836,38.6917,-21.5637,-22.0901,242.388,-12.8691,26.2292,8.0,946.8851,35.68274,36.048218,-115.13118,604.0,NaN,0.24923651,0.36,4.288,161.9,16 / 22,"$GPVTG,,T,,M,0.0,N,0.0,K,A*23::$GPGSV,3,3,11,26,15,143,19,31,69,082,34,32,28,060,31*48::$GNVTG,161.9,T,161.9,M,0.7,N,1.3,K,A*38::$GNRMC,201400.00,A,3602.893002,N,11507.870889,W,0.7,161.9,011219,12.3,E,A*0F::$GPRMC,201250.00,A,3602.900816,N,11507.877206,W,0.0,,011219,12.3,E,A*38::$GPGGA,201250.00,3602.900816,N,11507.877206,W,1,00,0.7,621.0,M,-18.0,M,,*53::$GNGGA,201400.00,3602.893002,N,11507.870889,W,1,12,0.7,622.0,M,-18.0,M,,*42::$GNGSA,A,3,70,71,80,85,87,,,,,,,,1.0,0.7,0.7,2*38::$GPGSA,A,1,,,,,,,,,,,,,1.0,0.7,0.7,1*2C::$GAGSV,1,1,0,*74::$GLGSV,3,3,10,69,01,095,,72,08,296,*66::$GBGSV,1,1,0,*77::$PQGSV,1,1,0,*73",2421,2019-12-01 12:13:59:227
-2.653641,1.753937,6.850647,-4.431311,2.036594,8.508005,1.700217,-0.257688,-1.466517,0.798584,0.061478,-1.138016,2147.4836,40.1962,-18.1671,-18.4326,246.0201,-11.641,26.8576,8.0,946.8851,37.04805,36.048218,-115.13118,604.0,NaN,0.24923651,0.36,4.288,161.9,16 / 22,"$GPVTG,,T,,M,0.0,N,0.0,K,A*23::$GPGSV,3,3,11,26,15,143,19,31,69,082,34,32,28,060,31*48::$GNVTG,161.9,T,161.9,M,0.7,N,1.3,K,A*38::$GNRMC,201400.00,A,3602.893002,N,11507.870889,W,0.7,161.9,011219,12.3,E,A*0F::$GPRMC,201250.00,A,3602.900816,N,11507.877206,W,0.0,,011219,12.3,E,A*38::$GPGGA,201250.00,3602.900816,N,11507.877206,W,1,00,0.7,621.0,M,-18.0,M,,*53::$GNGGA,201400.00,3602.893002,N,11507.870889,W,1,12,0.7,622.0,M,-18.0,M,,*42::$GNGSA,A,3,70,71,80,85,87,,,,,,,,1.0,0.7,0.7,2*38::$GPGSA,A,1,,,,,,,,,,,,,1.0,0.7,0.7,1*2C::$GAGSV,1,1,0,*74::$GLGSV,3,3,10,69,01,095,,72,08,296,*66::$GBGSV,1,1,0,*77::$PQGSV,1,1,0,*73",2521,2019-12-01 12:13:59:327
-3.562912,1.808975,10.045074,-4.463932,1.906844,8.521011,0.459273,-0.205904,1.295677,0.408859,-0.290359,-0.959656,2147.4836,41.6687,-16.095,-20.6482,253.2847,-11.2826,27.7239,8.0,946.8832,37.04805,36.048218,-115.13118,604.0,NaN,0.26540807,0.36,4.288,161.9,16 / 22,"$GPVTG,,T,,M,0.0,N,0.0,K,A*23::$GPGSV,3,3,11,26,15,143,19,31,69,082,34,32,28,060,31*48::$GNVTG,161.9,T,161.9,M,0.7,N,1.3,K,A*38::$GNRMC,201400.00,A,3602.893002,N,11507.870889,W,0.7,161.9,011219,12.3,E,A*0F::$GPRMC,201250.00,A,3602.900816,N,11507.877206,W,0.0,,011219,12.3,E,A*38::$GPGGA,201250.00,3602.900816,N,11507.877206,W,1,00,0.7,621.0,M,-18.0,M,,*53::$GNGGA,201400.00,3602.893002,N,11507.870889,W,1,12,0.7,622.0,M,-18.0,M,,*42::$GNGSA,A,3,70,71,80,85,87,,,,,,,,1.0,0.7,0.7,2*38::$GPGSA,A,1,,,,,,,,,,,,,1.0,0.7,0.7,1*2C::$GAGSV,1,1,0,*74::$GLGSV,3,3,10,69,01,095,,72,08,296,*66::$GBGSV,1,1,0,*77::$PQGSV,1,1,0,*73",2621,2019-12-01 12:13:59:427
-3.457626,2.464615,9.135803,-4.581784,2.002324,8.436133,1.121435,0.486841,0.883044,0.69841,0.005295,-0.787384,2147.4836,42.4774,-12.03,-18.4631,260.8224,-11.5518,28.3877,8.0,946.8846,37.04805,36.048218,-115.13118,604.0,NaN,0.25399286,0.36,4.288,161.9,16 / 22,"$GPVTG,,T,,M,0.0,N,0.0,K,A*23::$GPGSV,3,3,11,26,15,143,19,31,69,082,34,32,28,060,31*48::$GNVTG,161.9,T,161.9,M,0.7,N,1.3,K,A*38::$GNRMC,201400.00,A,3602.893002,N,11507.870889,W,0.7,161.9,011219,12.3,E,A*0F::$GPRMC,201250.00,A,3602.900816,N,11507.877206,W,0.0,,011219,12.3,E,A*38::$GPGGA,201250.00,3602.900816,N,11507.877206,W,1,00,0.7,621.0,M,-18.0,M,,*53::$GNGGA,201400.00,3602.893002,N,11507.870889,W,1,12,0.7,622.0,M,-18.0,M,,*42::$GNGSA,A,3,70,71,80,85,87,,,,,,,,1.0,0.7,0.7,2*38::$GPGSA,A,1,,,,,,,,,,,,,1.0,0.7,0.7,1*2C::$GAGSV,1,1,0,*74::$GLGSV,3,3,10,69,01,095,,72,08,296,*66::$GBGSV,1,1,0,*77::$PQGSV,1,1,0,*73",2720,2019-12-01 12:13:59:526
-3.72084,2.660813,8.662018,-4.808653,2.212968,8.255302,0.772758,0.370374,0.781159,0.772934,0.087143,-0.820374,2147.4836,43.19,-12.0178,-17.7292,263.0004,-12.8299,29.9174,8.0,946.8846,38.04541,36.048218,-115.13118,604.0,NaN,0.25399286,0.36,4.288,161.9,16 / 22,"$GPVTG,,T,,M,0.0,N,0.0,K,A*23::$GPGSV,3,3,11,26,15,143,19,31,69,082,34,32,28,060,31*48::$GNVTG,161.9,T,161.9,M,0.7,N,1.3,K,A*38::$GNRMC,201400.00,A,3602.893002,N,11507.870889,W,0.7,161.9,011219,12.3,E,A*0F::$GPRMC,201250.00,A,3602.900816,N,11507.877206,W,0.0,,011219,12.3,E,A*38::$GPGGA,201250.00,3602.900816,N,11507.877206,W,1,00,0.7,621.0,M,-18.0,M,,*53::$GNGGA,201400.00,3602.893002,N,11507.870889,W,1,12,0.7,622.0,M,-18.0,M,,*42::$GNGSA,A,3,70,71,80,85,87,,,,,,,,1.0,0.7,0.7,2*38::$GPGSA,A,1,,,,,,,,,,,,,1.0,0.7,0.7,1*2C::$GAGSV,1,1,0,*74::$GLGSV,3,3,10,69,01,095,,72,08,296,*66::$GBGSV,1,1,0,*77::$PQGSV,1,1,0,*73",2820,2019-12-01 12:13:59:626
-3.763916,1.402191,9.207581,-4.979056,2.114381,8.179779,1.232061,-0.677077,1.036317,0.741165,-0.072876,-0.90712,2147.4836,43.9804,-8.6151,-19.2154,272.5653,-12.4251,30.9032,8.0,946.8838,38.04541,36.048218,-115.13118,604.0,NaN,0.26065174,0.36,4.288,161.9,16 / 22,"$GPVTG,,T,,M,0.0,N,0.0,K,A*23::$GPGSV,3,3,11,26,15,143,19,31,69,082,34,32,28,060,31*48::$GNVTG,161.9,T,161.9,M,0.7,N,1.3,K,A*38::$GNRMC,201400.00,A,3602.893002,N,11507.870889,W,0.7,161.9,011219,12.3,E,A*0F::$GPRMC,201250.00,A,3602.900816,N,11507.877206,W,0.0,,011219,12.3,E,A*38::$GPGGA,201250.00,3602.900816,N,11507.877206,W,1,00,0.7,621.0,M,-18.0,M,,*53::$GNGGA,201400.00,3602.893002,N,11507.870889,W,1,12,0.7,622.0,M,-18.0,M,,*42::$GNGSA,A,3,70,71,80,85,87,,,,,,,,1.0,0.7,0.7,2*38::$GPGSA,A,1,,,,,,,,,,,,,1.0,0.7,0.7,1*2C::$GAGSV,1,1,0,*74::$GLGSV,3,3,10,69,01,095,,72,08,296,*66::$GBGSV,1,1,0,*77::$PQGSV,1,1,0,*73",2920,2019-12-01 12:13:59:726
-3.381058,1.880753,7.245468,-5.148584,2.170397,8.059271,0.902253,-0.312167,-0.852549,0.691086,-0.390533,-0.901001,2147.4836,43.3807,-3.9078,-17.0364,279.2134,-12.7865,32.5721,8.0,946.8765,38.04541,36.048218,-115.13118,604.0,NaN,0.32248393,0.36,4.288,161.9,16 / 22,"$GPVTG,,T,,M,0.0,N,0.0,K,A*23::$GPGSV,3,3,11,26,15,143,19,31,69,082,34,32,28,060,31*48::$GNVTG,161.9,T,161.9,M,0.7,N,1.3,K,A*38::$GNRMC,201400.00,A,3602.893002,N,11507.870889,W,0.7,161.9,011219,12.3,E,A*0F::$GPRMC,201250.00,A,3602.900816,N,11507.877206,W,0.0,,011219,12.3,E,A*38::$GPGGA,201250.00,3602.900816,N,11507.877206,W,1,00,0.7,621.0,M,-18.0,M,,*53::$GNGGA,201400.00,3602.893002,N,11507.870889,W,1,12,0.7,622.0,M,-18.0,M,,*42::$GNGSA,A,3,70,71,80,85,87,,,,,,,,1.0,0.7,0.7,2*38::$GPGSA,A,1,,,,,,,,,,,,,1.0,0.7,0.7,1*2C::$GAGSV,1,1,0,*74::$GLGSV,3,3,10,69,01,095,,72,08,296,*66::$GBGSV,1,1,0,*77::$PQGSV,1,1,0,*73",3020,2019-12-01 12:13:59:826
-3.950546,1.964508,8.688339,-5.045053,2.12157,8.137368,0.981439,-0.160249,0.77414,0.735062,-0.300125,-0.993866,2147.4836,43.428,-1.8692,-19.2505,283.5986,-12.4307,31.8682,8.0,946.8765,37.68349,36.048218,-115.13118,604.0,NaN,0.32248393,0.36,4.288,161.9,16 / 22,"$GPVTG,,T,,M,0.0,N,0.0,K,A*23::$GPGSV,3,3,11,26,15,143,19,31,69,082,34,32,28,060,31*48::$GNVTG,161.9,T,161.9,M,0.7,N,1.3,K,A*38::$GNRMC,201400.00,A,3602.893002,N,11507.870889,W,0.7,161.9,011219,12.3,E,A*0F::$GPRMC,201250.00,A,3602.900816,N,11507.877206,W,0.0,,011219,12.3,E,A*38::$GPGGA,201250.00,3602.900816,N,11507.877206,W,1,00,0.7,621.0,M,-18.0,M,,*53::$GNGGA,201400.00,3602.893002,N,11507.870889,W,1,12,0.7,622.0,M,-18.0,M,,*42::$GNGSA,A,3,70,71,80,85,87,,,,,,,,1.0,0.7,0.7,2*38::$GPGSA,A,1,,,,,,,,,,,,,1.0,0.7,0.7,1*2C::$GAGSV,1,1,0,*74::$GLGSV,3,3,10,69,01,095,,72,08,296,*66::$GBGSV,1,1,0,*77::$PQGSV,1,1,0,*73",3121,2019-12-01 12:13:59:927
-4.895721,1.919037,8.427521,-5.102942,2.027155,8.125332,0.140636,-0.086955,0.395457,0.476044,-0.327011,-1.156341,2147.4836,42.7963,1.5015,-20.0043,285.8858,-12.3307,32.1893,8.0,946.8778,37.68349,36.048218,-115.13118,604.0,NaN,0.3110688,0.36,4.288,161.9,16 / 22,"$GPVTG,,T,,M,0.0,N,0.0,K,A*23::$GPGSV,3,3,11,26,15,143,19,31,69,082,34,32,28,060,31*48::$GNVTG,161.9,T,161.9,M,0.7,N,1.3,K,A*38::$GNRMC,201400.00,A,3602.893002,N,11507.870889,W,0.7,161.9,011219,12.3,E,A*0F::$GPRMC,201250.00,A,3602.900816,N,11507.877206,W,0.0,,011219,12.3,E,A*38::$GPGGA,201250.00,3602.900816,N,11507.877206,W,1,00,0.7,621.0,M,-18.0,M,,*53::$GNGGA,201400.00,3602.893002,N,11507.870889,W,1,12,0.7,622.0,M,-18.0,M,,*42::$GNGSA,A,3,70,71,80,85,87,,,,,,,,1.0,0.7,0.7,2*38::$GPGSA,A,1,,,,,,,,,,,,,1.0,0.7,0.7,1*2C::$GAGSV,1,1,0,*74::$GLGSV,3,3,10,69,01,095,,72,08,296,*66::$GBGSV,1,1,0,*77::$PQGSV,1,1,0,*73",3220,2019-12-01 12:14:00:026
-4.682754,2.490921,7.90828,-5.120629,1.998223,8.12137,0.676134,0.640237,0.164793,0.656876,-0.284241,-1.003632,2147.4836,40.7043,3.4866,-21.4859,295.1193,-11.7195,32.2854,8.0,946.8778,37.68349,36.048218,-115.13118,604.0,NaN,0.3110688,0.36,4.288,161.9,16 / 23,"$GPVTG,,T,,M,0.0,N,0.0,K,A*23::$GPGSV,3,2,12,14,53,037,24,18,00,000,23,22,52,314,31,23,13,265,30*70::$GNVTG,161.9,T,161.9,M,0.7,N,1.3,K,A*38::$GNRMC,201400.00,A,3602.893002,N,11507.870889,W,0.7,161.9,011219,12.3,E,A*0F::$GPRMC,201250.00,A,3602.900816,N,11507.877206,W,0.0,,011219,12.3,E,A*38::$GPGGA,201250.00,3602.900816,N,11507.877206,W,1,00,0.7,621.0,M,-18.0,M,,*53::$GNGGA,201400.00,3602.893002,N,11507.870889,W,1,12,0.7,622.0,M,-18.0,M,,*42::$GNGSA,A,3,70,71,80,85,87,,,,,,,,1.0,0.7,0.7,2*38::$GPGSA,A,1,,,,,,,,,,,,,1.0,0.7,0.7,1*2C::$GAGSV,1,1,0,*74::$GLGSV,3,3,10,69,01,095,,72,08,296,*66::$GBGSV,1,1,0,*77::$PQGSV,1,1,0,*73",3321,2019-12-01 12:14:00:127
-4.876571,2.163117,9.714859,-5.069927,2.054754,8.139055,0.472755,-0.019544,1.693611,0.854767,-0.338013,-0.918121,2147.4836,38.6002,4.8019,-23.6984,300.7915,-11.8293,32.2243,8.0,946.8842,37.68349,36.048214,-115.13119,604.0,NaN,0.25779793,0.68,3.216,240.0,16 / 23,"$GPVTG,,T,,M,0.0,N,0.0,K,A*23::$GPGSV,3,3,12,25,12,054,17,26,15,143,17,31,69,082,31,32,28,060,24*77::$GNVTG,240.0,T,240.0,M,1.3,N,2.4,K,A*39::$GNRMC,201401.00,A,3602.892964,N,11507.871164,W,1.3,240.0,011219,12.3,E,A*01::$GPRMC,201250.00,A,3602.900816,N,11507.877206,W,0.0,,011219,12.3,E,A*38::$GPGGA,201250.00,3602.900816,N,11507.877206,W,1,00,0.7,621.0,M,-18.0,M,,*53::$GNGGA,201401.00,3602.892964,N,11507.871164,W,1,12,0.7,622.0,M,-18.0,M,,*40::$GNGSA,A,3,70,71,80,85,87,,,,,,,,1.0,0.7,0.7,2*38::$GPGSA,A,1,,,,,,,,,,,,,1.0,0.7,0.7,1*2C::$GAGSV,1,1,0,*74::$GLGSV,3,3,10,79,03,022,,69,01,095,*6B::$GBGSV,1,1,0,*77::$PQGSV,1,1,0,*73",3421,2019-12-01 12:14:00:227
-5.036896,0.325424,11.755936,-5.00186,1.888568,8.221015,-0.189935,-1.55951,3.645949,0.584778,-0.097321,-0.957214,2147.4836,37.2711,8.8379,-25.9247,306.9534,-11.831,31.205,8.0,946.8831,38.41791,36.048214,-115.13119,604.0,NaN,0.26731062,0.68,3.216,240.0,16 / 23,"$GPVTG,,T,,M,0.0,N,0.0,K,A*23::$GPGSV,3,3,12,25,12,054,17,26,15,143,17,31,69,082,31,32,28,060,24*77::$GNVTG,240.0,T,240.0,M,1.3,N,2.4,K,A*39::$GNRMC,201401.00,A,3602.892964,N,11507.871164,W,1.3,240.0,011219,12.3,E,A*01::$GPRMC,201250.00,A,3602.900816,N,11507.877206,W,0.0,,011219,12.3,E,A*38::$GPGGA,201250.00,3602.900816,N,11507.877206,W,1,00,0.7,621.0,M,-18.0,M,,*53::$GNGGA,201401.00,3602.892964,N,11507.871164,W,1,12,0.7,622.0,M,-18.0,M,,*40::$GNGSA,A,3,70,71,80,85,87,,,,,,,,1.0,0.7,0.7,2*38::$GPGSA,A,1,,,,,,,,,,,,,1.0,0.7,0.7,1*2C::$GAGSV,1,1,0,*74::$GLGSV,3,3,10,79,03,022,,69,01,095,*6B::$GBGSV,1,1,0,*77::$PQGSV,1,1,0,*73",3520,2019-12-01 12:14:00:326
-3.503097,1.90947,7.185654,-5.086128,2.100859,8.117148,1.563719,-0.151134,-0.767247,0.603104,-0.462616,-0.977982,2147.4836,34.4696,10.7956,-24.4675,313.1943,-11.8505,31.7427,8.0,946.8831,38.41791,36.048214,-115.13119,604.0,NaN,0.26731062,0.68,3.216,240.0,16 / 23,"$GPVTG,,T,,M,0.0,N,0.0,K,A*23::$GPGSV,3,3,12,25,12,054,17,26,15,143,17,31,69,082,31,32,28,060,24*77::$GNVTG,240.0,T,240.0,M,1.3,N,2.4,K,A*39::$GNRMC,201401.00,A,3602.892964,N,11507.871164,W,1.3,240.0,011219,12.3,E,A*01::$GPRMC,201250.00,A,3602.900816,N,11507.877206,W,0.0,,011219,12.3,E,A*38::$GPGGA,201250.00,3602.900816,N,11507.877206,W,1,00,0.7,621.0,M,-18.0,M,,*53::$GNGGA,201401.00,3602.892964,N,11507.871164,W,1,12,0.7,622.0,M,-18.0,M,,*40::$GNGSA,A,3,70,71,80,85,87,,,,,,,,1.0,0.7,0.7,2*38::$GPGSA,A,1,,,,,,,,,,,,,1.0,0.7,0.7,1*2C::$GAGSV,1,1,0,*74::$GLGSV,3,3,10,79,03,022,,69,01,095,*6B::$GBGSV,1,1,0,*77::$PQGSV,1,1,0,*73",3621,2019-12-01 12:14:00:427
-3.706482,1.469193,8.774475,-4.935288,1.940586,8.249088,1.327914,-0.372462,1.121439,0.739944,-0.125427,-1.399475,2147.4836,31.6666,12.7792,-28.1525,327.7628,-11.4133,30.8914,8.0,946.8822,38.41791,36.048214,-115.13119,604.0,NaN,0.27396947,0.68,3.216,240.0,16 / 23,"$GPVTG,,T,,M,0.0,N,0.0,K,A*23::$GPGSV,3,3,12,25,12,054,17,26,15,143,17,31,69,082,31,32,28,060,24*77::$GNVTG,240.0,T,240.0,M,1.3,N,2.4,K,A*39::$GNRMC,201401.00,A,3602.892964,N,11507.871164,W,1.3,240.0,011219,12.3,E,A*01::$GPRMC,201250.00,A,3602.900816,N,11507.877206,W,0.0,,011219,12.3,E,A*38::$GPGGA,201250.00,3602.900816,N,11507.877206,W,1,00,0.7,621.0,M,-18.0,M,,*53::$GNGGA,201401.00,3602.892964,N,11507.871164,W,1,12,0.7,622.0,M,-18.0,M,,*40::$GNGSA,A,3,70,71,80,85,87,,,,,,,,1.0,0.7,0.7,2*38::$GPGSA,A,1,,,,,,,,,,,,,1.0,0.7,0.7,1*2C::$GAGSV,1,1,0,*74::$GLGSV,3,3,10,79,03,022,,69,01,095,*6B::$GBGSV,1,1,0,*77::$PQGSV,1,1,0,*73",3720,2019-12-01 12:14:00:526
-4.366897,1.653442,7.963318,-4.948138,1.901859,8.250409,0.946409,-0.052327,-0.254796,0.636078,-0.174286,-1.268738,2147.4836,30.9372,12.1017,-31.0898,333.1513,-11.2587,30.9315,8.0,946.8817,39.67166,36.048214,-115.13119,604.0,NaN,0.2787258,0.68,3.216,240.0,16 / 23,"$GPVTG,,T,,M,0.0,N,0.0,K,A*23::$GPGSV,3,3,12,25,12,054,17,26,15,143,17,31,69,082,31,32,28,060,24*77::$GNVTG,240.0,T,240.0,M,1.3,N,2.4,K,A*39::$GNRMC,201401.00,A,3602.892964,N,11507.871164,W,1.3,240.0,011219,12.3,E,A*01::$GPRMC,201250.00,A,3602.900816,N,11507.877206,W,0.0,,011219,12.3,E,A*38::$GPGGA,201250.00,3602.900816,N,11507.877206,W,1,00,0.7,621.0,M,-18.0,M,,*53::$GNGGA,201401.00,3602.892964,N,11507.871164,W,1,12,0.7,622.0,M,-18.0,M,,*40::$GNGSA,A,3,70,71,80,85,87,,,,,,,,1.0,0.7,0.7,2*38::$GPGSA,A,1,,,,,,,,,,,,,1.0,0.7,0.7,1*2C::$GAGSV,1,1,0,*74::$GLGSV,3,3,10,79,03,022,,69,01,095,*6B::$GBGSV,1,1,0,*77::$PQGSV,1,1,0,*73",3820,2019-12-01 12:14:00:626
-5.213958,1.820938,8.389236,-4.981247,1.888334,8.233576,-0.360867,-0.089986,0.384319,0.766815,-0.035034,-0.865585,2147.4836,28.8635,14.7675,-33.3084,341.1023,-10.942,31.0149,8.0,946.8817,39.67166,36.048214,-115.13119,604.0,NaN,0.2787258,0.68,3.216,240.0,16 / 23,"$GPVTG,,T,,M,0.0,N,0.0,K,A*23::$GPGSV,3,3,12,25,12,054,17,26,15,143,17,31,69,082,31,32,28,060,24*77::$GNVTG,240.0,T,240.0,M,1.3,N,2.4,K,A*39::$GNRMC,201401.00,A,3602.892964,N,11507.871164,W,1.3,240.0,011219,12.3,E,A*01::$GPRMC,201250.00,A,3602.900816,N,11507.877206,W,0.0,,011219,12.3,E,A*38::$GPGGA,201250.00,3602.900816,N,11507.877206,W,1,00,0.7,621.0,M,-18.0,M,,*53::$GNGGA,201401.00,3602.892964,N,11507.871164,W,1,12,0.7,622.0,M,-18.0,M,,*40::$GNGSA,A,3,70,71,80,85,87,,,,,,,,1.0,0.7,0.7,2*38::$GPGSA,A,1,,,,,,,,,,,,,1.0,0.7,0.7,1*2C::$GAGSV,1,1,0,*74::$GLGSV,3,3,10,79,03,022,,69,01,095,*6B::$GBGSV,1,1,0,*77::$PQGSV,1,1,0,*73",3921,2019-12-01 12:14:00:727
-5.864807,2.065003,10.392029,-5.036649,2.012034,8.170328,-0.629002,0.033811,2.469374,0.611664,0.087143,-0.676224,2147.4836,27.4063,13.3835,-33.3023,347.6015,-11.624,31.2926,8.0,946.882,39.67166,36.048214,-115.13119,604.0,NaN,0.27587202,0.68,3.216,240.0,16 / 23,"$GPVTG,,T,,M,0.0,N,0.0,K,A*23::$GPGSV,3,3,12,25,12,054,17,26,15,143,17,31,69,082,31,32,28,060,24*77::$GNVTG,240.0,T,240.0,M,1.3,N,2.4,K,A*39::$GNRMC,201401.00,A,3602.892964,N,11507.871164,W,1.3,240.0,011219,12.3,E,A*01::$GPRMC,201250.00,A,3602.900816,N,11507.877206,W,0.0,,011219,12.3,E,A*38::$GPGGA,201250.00,3602.900816,N,11507.877206,W,1,00,0.7,621.0,M,-18.0,M,,*53::$GNGGA,201401.00,3602.892964,N,11507.871164,W,1,12,0.7,622.0,M,-18.0,M,,*40::$GNGSA,A,3,70,71,80,85,87,,,,,,,,1.0,0.7,0.7,2*38::$GPGSA,A,1,,,,,,,,,,,,,1.0,0.7,0.7,1*2C::$GAGSV,1,1,0,*74::$GLGSV,3,3,10,79,03,022,,69,01,095,*6B::$GBGSV,1,1,0,*77::$PQGSV,1,1,0,*73",4021,2019-12-01 12:14:00:827
-4.991424,0.897308,10.09053,-5.116144,1.918178,8.143466,0.063193,-0.984035,2.042482,0.269577,0.071259,-0.919327,2147.4836,25.9644,12.6892,-36.2381,352.0868,-11.5457,31.9602,8.0,946.8875,44.4009,36.048214,-115.13119,604.0,NaN,0.2302111,0.68,3.216,240.0,16 / 23,"$GPVTG,,T,,M,0.0,N,0.0,K,A*23::$GPGSV,3,3,12,25,12,054,17,26,15,143,17,31,69,082,31,32,28,060,24*77::$GNVTG,240.0,T,240.0,M,1.3,N,2.4,K,A*39::$GNRMC,201401.00,A,3602.892964,N,11507.871164,W,1.3,240.0,011219,12.3,E,A*01::$GPRMC,201250.00,A,3602.900816,N,11507.877206,W,0.0,,011219,12.3,E,A*38::$GPGGA,201250.00,3602.900816,N,11507.877206,W,1,00,0.7,621.0,M,-18.0,M,,*53::$GNGGA,201401.00,3602.892964,N,11507.871164,W,1,12,0.7,622.0,M,-18.0,M,,*40::$GNGSA,A,3,70,71,80,85,87,,,,,,,,1.0,0.7,0.7,2*38::$GPGSA,A,1,,,,,,,,,,,,,1.0,0.7,0.7,1*2C::$GAGSV,1,1,0,*74::$GLGSV,3,3,10,79,03,022,,69,01,095,*6B::$GBGSV,1,1,0,*77::$PQGSV,1,1,0,*73",4121,2019-12-01 12:14:00:927
-4.43869,1.464401,6.845871,-5.272732,2.066861,8.006047,0.847631,-0.473892,-2.043868,0.665405,-0.546905,-0.733643,2147.4836,23.8434,13.3209,-36.9766,356.7615,-11.8778,33.4069,8.0,946.8875,44.4009,36.048214,-115.13119,604.0,NaN,0.2302111,0.68,3.216,240.0,16 / 23,"$GPVTG,,T,,M,0.0,N,0.0,K,A*23::$GPGSV,3,3,12,25,12,054,17,26,15,143,17,31,69,082,31,32,28,060,24*77::$GNVTG,240.0,T,240.0,M,1.3,N,2.4,K,A*39::$GNRMC,201401.00,A,3602.892964,N,11507.871164,W,1.3,240.0,011219,12.3,E,A*01::$GPRMC,201250.00,A,3602.900816,N,11507.877206,W,0.0,,011219,12.3,E,A*38::$GPGGA,201250.00,3602.900816,N,11507.877206,W,1,00,0.7,621.0,M,-18.0,M,,*53::$GNGGA,201401.00,3602.892964,N,11507.871164,W,1,12,0.7,622.0,M,-18.0,M,,*40::$GNGSA,A,3,70,71,80,85,87,,,,,,,,1.0,0.7,0.7,2*38::$GPGSA,A,1,,,,,,,,,,,,,1.0,0.7,0.7,1*2C::$GAGSV,1,1,0,*74::$GLGSV,3,3,10,79,03,022,,69,01,095,*6B::$GBGSV,1,1,0,*77::$PQGSV,1,1,0,*73",4221,2019-12-01 12:14:01:027
-3.890732,1.68454,8.676376,-5.089137,2.048756,8.128571,1.139563,-0.345291,0.684854,0.658081,-0.261032,-0.988983,2147.4836,20.3308,15.2679,-36.9888,6.5294,-12.0588,32.0499,8.0,946.8825,44.4009,36.048214,-115.13119,604.0,NaN,0.27206695,0.68,3.216,240.0,17 / 23,"$GPVTG,,T,,M,0.0,N,0.0,K,A*23::$GPGSV,3,2,12,14,53,037,25,18,00,000,23,22,52,314,25,23,13,265,27*72::$GNVTG,240.0,T,240.0,M,1.3,N,2.4,K,A*39::$GNRMC,201401.00,A,3602.892964,N,11507.871164,W,1.3,240.0,011219,12.3,E,A*01::$GPRMC,201250.00,A,3602.900816,N,11507.877206,W,0.0,,011219,12.3,E,A*38::$GPGGA,201250.00,3602.900816,N,11507.877206,W,1,00,0.7,621.0,M,-18.0,M,,*53::$GNGGA,201401.00,3602.892964,N,11507.871164,W,1,12,0.7,622.0,M,-18.0,M,,*40::$GNGSA,A,3,70,71,80,85,87,,,,,,,,1.0,0.7,0.7,2*38::$GPGSA,A,1,,,,,,,,,,,,,1.0,0.7,0.7,1*2C::$GAGSV,1,1,0,*74::$GLGSV,3,3,10,79,03,022,,69,01,095,*6B::$GBGSV,1,1,0,*77::$PQGSV,1,1,0,*73",4321,2019-12-01 12:14:01:127
-4.354934,1.670197,7.858032,-5.052586,2.041075,8.153267,0.842681,-0.284551,-0.257578,0.575012,-0.272034,-1.157577,2147.4836,19.5511,12.5763,-42.8543,14.0412,-12.0869,31.7801,8.0,946.8882,44.4009,36.04822,-115.13119,604.0,NaN,0.2235522,0.0,3.216,,17 / 23,"$GPVTG,,T,,M,0.0,N,0.0,K,A*23::$GPGSV,3,3,12,25,12,054,18,26,15,143,17,31,69,082,30,32,28,060,29*74::$GNVTG,,T,,M,0.0,N,0.0,K,A*3D::$GNRMC,201402.00,A,3602.893437,N,11507.871480,W,0.0,,011219,12.3,E,A*2D::$GPRMC,201250.00,A,3602.900816,N,11507.877206,W,0.0,,011219,12.3,E,A*38::$GPGGA,201250.00,3602.900816,N,11507.877206,W,1,00,0.7,621.0,M,-18.0,M,,*53::$GNGGA,201402.00,3602.893437,N,11507.871480,W,1,12,0.7,622.0,M,-18.0,M,,*46::$GNGSA,A,3,70,71,72,80,85,87,,,,,,,1.0,0.7,0.7,2*3D::$GPGSA,A,1,,,,,,,,,,,,,1.0,0.7,0.7,1*2C::$GAGSV,1,1,0,*74::$GLGSV,3,3,10,79,03,022,,69,01,095,*6B::$GBGSV,1,1,0,*77::$PQGSV,1,1,0,*73",4421,2019-12-01 12:14:01:227
-4.180267,2.117645,7.925034,-5.080174,1.998999,8.146547,0.82367,0.14676,-0.09498,0.731384,-0.235382,-0.985306,2147.4836,15.2451,11.1221,-42.1143,21.4924,-11.5954,31.8237,8.0,946.8882,45.62383,36.04822,-115.13119,604.0,NaN,0.2235522,0.0,3.216,,17 / 23,"$GPVTG,,T,,M,0.0,N,0.0,K,A*23::$GPGSV,3,3,12,25,12,054,18,26,15,143,17,31,69,082,30,32,28,060,29*74::$GNVTG,,T,,M,0.0,N,0.0,K,A*3D::$GNRMC,201402.00,A,3602.893437,N,11507.871480,W,0.0,,011219,12.3,E,A*2D::$GPRMC,201250.00,A,3602.900816,N,11507.877206,W,0.0,,011219,12.3,E,A*38::$GPGGA,201250.00,3602.900816,N,11507.877206,W,1,00,0.7,621.0,M,-18.0,M,,*53::$GNGGA,201402.00,3602.893437,N,11507.871480,W,1,12,0.7,622.0,M,-18.0,M,,*46::$GNGSA,A,3,70,71,72,80,85,87,,,,,,,1.0,0.7,0.7,2*3D::$GPGSA,A,1,,,,,,,,,,,,,1.0,0.7,0.7,1*2C::$GAGSV,1,1,0,*74::$GLGSV,3,3,10,79,03,022,,69,01,095,*6B::$GBGSV,1,1,0,*77::$PQGSV,1,1,0,*73",4520,2019-12-01 12:14:01:326
-5.087143,1.952545,11.023727,-4.938337,1.982875,8.237197,0.084732,0.009642,2.298483,0.640991,-0.257355,-1.020752,2147.4836,11.6379,9.0149,-42.1051,33.3748,-11.8161,31.1933,8.0,946.8866,45.62383,36.04822,-115.13119,604.0,NaN,0.23687,0.0,3.216,,17 / 23,"$GPVTG,,T,,M,0.0,N,0.0,K,A*23::$GPGSV,3,3,12,25,12,054,18,26,15,143,17,31,69,082,30,32,28,060,29*74::$GNVTG,,T,,M,0.0,N,0.0,K,A*3D::$GNRMC,201402.00,A,3602.893437,N,11507.871480,W,0.0,,011219,12.3,E,A*2D::$GPRMC,201250.00,A,3602.900816,N,11507.877206,W,0.0,,011219,12.3,E,A*38::$GPGGA,201250.00,3602.900816,N,11507.877206,W,1,00,0.7,621.0,M,-18.0,M,,*53::$GNGGA,201402.00,3602.893437,N,11507.871480,W,1,12,0.7,622.0,M,-18.0,M,,*46::$GNGSA,A,3,70,71,72,80,85,87,,,,,,,1.0,0.7,0.7,2*3D::$GPGSA,A,1,,,,,,,,,,,,,1.0,0.7,0.7,1*2C::$GAGSV,1,1,0,*74::$GLGSV,3,3,10,79,03,022,,69,01,095,*6B::$GBGSV,1,1,0,*77::$PQGSV,1,1,0,*73",4621,2019-12-01 12:14:01:427
-5.07518,0.6987,10.262817,-4.795269,1.931588,8.333351,-0.275155,-1.196351,1.935427,0.082657,-0.295242,-1.340836,2147.4836,8.757,7.5974,-42.099,42.0759,-12.2825,30.528,8.0,946.8921,45.62383,36.04822,-115.13119,604.0,NaN,0.19120885,0.0,3.216,,17 / 23,"$GPVTG,,T,,M,0.0,N,0.0,K,A*23::$GPGSV,3,3,12,25,12,054,18,26,15,143,17,31,69,082,30,32,28,060,29*74::$GNVTG,,T,,M,0.0,N,0.0,K,A*3D::$GNRMC,201402.00,A,3602.893437,N,11507.871480,W,0.0,,011219,12.3,E,A*2D::$GPRMC,201250.00,A,3602.900816,N,11507.877206,W,0.0,,011219,12.3,E,A*38::$GPGGA,201250.00,3602.900816,N,11507.877206,W,1,00,0.7,621.0,M,-18.0,M,,*53::$GNGGA,201402.00,3602.893437,N,11507.871480,W,1,12,0.7,622.0,M,-18.0,M,,*46::$GNGSA,A,3,70,71,72,80,85,87,,,,,,,1.0,0.7,0.7,2*3D::$GPGSA,A,1,,,,,,,,,,,,,1.0,0.7,0.7,1*2C::$GAGSV,1,1,0,*74::$GLGSV,3,3,10,79,03,022,,69,01,095,*6B::$GBGSV,1,1,0,*77::$PQGSV,1,1,0,*73",4721,2019-12-01 12:14:01:527
-3.629913,1.488342,5.146958,-4.885731,1.989788,8.266848,1.144421,-0.417218,-2.801893,0.575012,-0.490723,-1.047607,2147.4836,7.9803,4.8782,-42.8207,48.8422,-11.6102,30.6758,8.0,946.8921,41.42314,36.04822,-115.13119,604.0,NaN,0.19120885,0.0,3.216,,17 / 23,"$GPVTG,,T,,M,0.0,N,0.0,K,A*23::$GPGSV,3,3,12,25,12,054,18,26,15,143,17,31,69,082,30,32,28,060,29*74::$GNVTG,,T,,M,0.0,N,0.0,K,A*3D::$GNRMC,201402.00,A,3602.893437,N,11507.871480,W,0.0,,011219,12.3,E,A*2D::$GPRMC,201250.00,A,3602.900816,N,11507.877206,W,0.0,,011219,12.3,E,A*38::$GPGGA,201250.00,3602.900816,N,11507.877206,W,1,00,0.7,621.0,M,-18.0,M,,*53::$GNGGA,201402.00,3602.893437,N,11507.871480,W,1,12,0.7,622.0,M,-18.0,M,,*46::$GNGSA,A,3,70,71,72,80,85,87,,,,,,,1.0,0.7,0.7,2*3D::$GPGSA,A,1,,,,,,,,,,,,,1.0,0.7,0.7,1*2C::$GAGSV,1,1,0,*74::$GLGSV,3,3,10,79,03,022,,69,01,095,*6B::$GBGSV,1,1,0,*77::$PQGSV,1,1,0,*73",4821,2019-12-01 12:14:01:627
-4.122833,0.875778,10.298706,-4.760369,1.771901,8.388662,0.467076,-1.003446,2.372948,0.873093,0.103027,-0.944977,2147.4836,5.13,4.8218,-44.2932,57.3539,-10.5578,29.4456,8.0,946.8907,41.42314,36.04822,-115.13119,604.0,NaN,0.20262417,0.0,3.216,,17 / 23,"$GPVTG,,T,,M,0.0,N,0.0,K,A*23::$GPGSV,3,3,12,25,12,054,18,26,15,143,17,31,69,082,30,32,28,060,29*74::$GNVTG,,T,,M,0.0,N,0.0,K,A*3D::$GNRMC,201402.00,A,3602.893437,N,11507.871480,W,0.0,,011219,12.3,E,A*2D::$GPRMC,201250.00,A,3602.900816,N,11507.877206,W,0.0,,011219,12.3,E,A*38::$GPGGA,201250.00,3602.900816,N,11507.877206,W,1,00,0.7,621.0,M,-18.0,M,,*53::$GNGGA,201402.00,3602.893437,N,11507.871480,W,1,12,0.7,622.0,M,-18.0,M,,*46::$GNGSA,A,3,70,71,72,80,85,87,,,,,,,1.0,0.7,0.7,2*3D::$GPGSA,A,1,,,,,,,,,,,,,1.0,0.7,0.7,1*2C::$GAGSV,1,1,0,*74::$GLGSV,3,3,10,79,03,022,,69,01,095,*6B::$GBGSV,1,1,0,*77::$PQGSV,1,1,0,*73",4921,2019-12-01 12:14:01:727
-4.374084,1.660614,7.807785,-4.88403,1.795016,8.312314,0.468958,-0.111558,-0.687374,0.225586,-0.308685,-1.189346,2147.4836,3.5782,-0.6195,-44.2642,70.8572,-10.8764,30.4975,8.0,946.8923,41.42314,36.04822,-115.13119,604.0,NaN,0.18835503,0.0,3.216,,17 / 23,"$GPVTG,,T,,M,0.0,N,0.0,K,A*23::$GPGSV,3,3,12,25,12,054,18,26,15,143,17,31,69,082,30,32,28,060,29*74::$GNVTG,,T,,M,0.0,N,0.0,K,A*3D::$GNRMC,201402.00,A,3602.893437,N,11507.871480,W,0.0,,011219,12.3,E,A*2D::$GPRMC,201250.00,A,3602.900816,N,11507.877206,W,0.0,,011219,12.3,E,A*38::$GPGGA,201250.00,3602.900816,N,11507.877206,W,1,00,0.7,621.0,M,-18.0,M,,*53::$GNGGA,201402.00,3602.893437,N,11507.871480,W,1,12,0.7,622.0,M,-18.0,M,,*46::$GNGSA,A,3,70,71,72,80,85,87,,,,,,,1.0,0.7,0.7,2*3D::$GPGSA,A,1,,,,,,,,,,,,,1.0,0.7,0.7,1*2C::$GAGSV,1,1,0,*74::$GLGSV,3,3,10,79,03,022,,69,01,095,*6B::$GBGSV,1,1,0,*77::$PQGSV,1,1,0,*73",5020,2019-12-01 12:14:01:826
-4.795212,2.108078,9.131012,-4.933034,1.648386,8.313747,-0.111977,0.329393,1.129985,0.640991,-0.125427,-0.717758,2147.4836,4.2435,-2.6321,-44.2535,73.5868,-9.4255,30.4679,8.0,946.8923,38.93881,36.04822,-115.13119,604.0,NaN,0.18835503,0.0,3.216,,17 / 23,"$GPVTG,,T,,M,0.0,N,0.0,K,A*23::$GPGSV,3,3,12,25,12,054,18,26,15,143,17,31,69,082,30,32,28,060,29*74::$GNVTG,,T,,M,0.0,N,0.0,K,A*3D::$GNRMC,201402.00,A,3602.893437,N,11507.871480,W,0.0,,011219,12.3,E,A*2D::$GPRMC,201250.00,A,3602.900816,N,11507.877206,W,0.0,,011219,12.3,E,A*38::$GPGGA,201250.00,3602.900816,N,11507.877206,W,1,00,0.7,621.0,M,-18.0,M,,*53::$GNGGA,201402.00,3602.893437,N,11507.871480,W,1,12,0.7,622.0,M,-18.0,M,,*46::$GNGSA,A,3,70,71,72,80,85,87,,,,,,,1.0,0.7,0.7,2*3D::$GPGSA,A,1,,,,,,,,,,,,,1.0,0.7,0.7,1*2C::$GAGSV,1,1,0,*74::$GLGSV,3,3,10,79,03,022,,69,01,095,*6B::$GBGSV,1,1,0,*77::$PQGSV,1,1,0,*73",5121,2019-12-01 12:14:01:927
-4.610962,2.122437,9.949356,-4.939322,1.788795,8.280923,0.215662,0.381276,1.721641,0.556686,-0.126648,-0.59314,2147.4836,3.4668,-5.3513,-44.9738,83.5519,-10.3716,30.8285,8.0,946.894,38.93881,36.04822,-115.13119,604.0,NaN,0.17503715,0.0,3.216,,17 / 23,"$GPVTG,,T,,M,0.0,N,0.0,K,A*23::$GPGSV,3,3,12,25,12,054,18,26,15,143,17,31,69,082,30,32,28,060,29*74::$GNVTG,,T,,M,0.0,N,0.0,K,A*3D::$GNRMC,201402.00,A,3602.893437,N,11507.871480,W,0.0,,011219,12.3,E,A*2D::$GPRMC,201250.00,A,3602.900816,N,11507.877206,W,0.0,,011219,12.3,E,A*38::$GPGGA,201250.00,3602.900816,N,11507.877206,W,1,00,0.7,621.0,M,-18.0,M,,*53::$GNGGA,201402.00,3602.893437,N,11507.871480,W,1,12,0.7,622.0,M,-18.0,M,,*46::$GNGSA,A,3,70,71,72,80,85,87,,,,,,,1.0,0.7,0.7,2*3D::$GPGSA,A,1,,,,,,,,,,,,,1.0,0.7,0.7,1*2C::$GAGSV,1,1,0,*74::$GLGSV,3,3,10,79,03,022,,69,01,095,*6B::$GBGSV,1,1,0,*77::$PQGSV,1,1,0,*73",5221,2019-12-01 12:14:02:027
-4.362121,1.770691,7.125824,-5.100392,2.021738,8.128282,0.674997,-0.212036,-0.881927,0.697174,0.04805,-0.624893,2147.4836,4.1153,-8.046,-43.4891,87.0419,-11.4957,31.6534,8.0,946.8907,38.93881,36.04823,-115.13119,603.0,NaN,0.20262417,0.47,3.216,0.7,17 / 23,"$GPVTG,,T,,M,0.0,N,0.0,K,A*23::$GPGSV,3,2,12,14,53,037,26,18,00,000,23,22,52,314,24,23,13,265,23*74::$GNVTG,,T,,M,0.0,N,0.0,K,A*3D::$GNRMC,201402.00,A,3602.893437,N,11507.871480,W,0.0,,011219,12.3,E,A*2D::$GPRMC,201250.00,A,3602.900816,N,11507.877206,W,0.0,,011219,12.3,E,A*38::$GPGGA,201250.00,3602.900816,N,11507.877206,W,1,00,0.7,621.0,M,-18.0,M,,*53::$GNGGA,201402.00,3602.893437,N,11507.871480,W,1,12,0.7,622.0,M,-18.0,M,,*46::$GNGSA,A,3,70,71,72,80,85,87,,,,,,,1.0,0.7,0.7,2*3D::$GPGSA,A,1,,,,,,,,,,,,,1.0,0.7,0.7,1*2C::$GAGSV,1,1,0,*74::$GLGSV,3,3,10,79,03,022,,69,01,095,*6B::$GBGSV,1,1,0,*77::$PQGSV,1,1,0,*73",5322,2019-12-01 12:14:02:128
-4.534393,1.012161,7.384247,-5.107477,1.966908,8.137281,0.378041,-1.08172,0.313444,0.921982,-0.217056,-0.588257,2147.4836,4.1,-8.7219,-43.486,94.1697,-11.1387,31.8541,8.0,946.8907,38.93881,36.04823,-115.13119,603.0,NaN,0.20262417,0.47,3.216,0.7,17 / 23,"$GPVTG,,T,,M,0.0,N,0.0,K,A*23::$GPGSV,3,3,12,25,12,054,26,26,15,143,17,31,69,082,34,32,28,060,33*76::$GNVTG,0.7,T,0.7,M,0.9,N,1.7,K,A*32::$GNRMC,201403.00,A,3602.893661,N,11507.871408,W,0.9,0.7,011219,12.3,E,A*0D::$GPRMC,201250.00,A,3602.900816,N,11507.877206,W,0.0,,011219,12.3,E,A*38::$GPGGA,201250.00,3602.900816,N,11507.877206,W,1,00,0.7,621.0,M,-18.0,M,,*53::$GNGGA,201403.00,3602.893661,N,11507.871408,W,1,12,0.7,621.0,M,-18.0,M,,*45::$GNGSA,A,3,70,71,72,80,85,87,,,,,,,1.0,0.7,0.7,2*3D::$GPGSA,A,1,,,,,,,,,,,,,1.0,0.7,0.7,1*2C::$GAGSV,1,1,0,*74::$GLGSV,3,3,10,72,08,296,14,69,01,095,*63::$GBGSV,1,1,0,*77::$PQGSV,1,1,0,*73",5421,2019-12-01 12:14:02:227
-4.426727,1.177261,8.439484,-5.011746,2.15603,8.148885,0.518786,-1.046174,0.553212,0.721619,-0.254913,-0.628571,2147.4836,3.2913,-12.7914,-44.2001,101.4992,-12.5982,31.5938,8.0,946.8956,40.4115,36.04823,-115.13119,603.0,NaN,0.16076796,0.47,3.216,0.7,17 / 23,"$GPVTG,,T,,M,0.0,N,0.0,K,A*23::$GPGSV,3,3,12,25,12,054,26,26,15,143,17,31,69,082,34,32,28,060,33*76::$GNVTG,0.7,T,0.7,M,0.9,N,1.7,K,A*32::$GNRMC,201403.00,A,3602.893661,N,11507.871408,W,0.9,0.7,011219,12.3,E,A*0D::$GPRMC,201250.00,A,3602.900816,N,11507.877206,W,0.0,,011219,12.3,E,A*38::$GPGGA,201250.00,3602.900816,N,11507.877206,W,1,00,0.7,621.0,M,-18.0,M,,*53::$GNGGA,201403.00,3602.893661,N,11507.871408,W,1,12,0.7,621.0,M,-18.0,M,,*45::$GNGSA,A,3,70,71,72,80,85,87,,,,,,,1.0,0.7,0.7,2*3D::$GPGSA,A,1,,,,,,,,,,,,,1.0,0.7,0.7,1*2C::$GAGSV,1,1,0,*74::$GLGSV,3,3,10,72,08,296,14,69,01,095,*63::$GBGSV,1,1,0,*77::$PQGSV,1,1,0,*73",5521,2019-12-01 12:14:02:327
-4.680359,1.347153,7.956131,-4.905304,2.300781,8.174032,0.206532,-0.92661,-0.118231,0.639755,-0.344101,-0.784943,2147.4836,3.2288,-15.5106,-41.2445,108.9531,-13.5343,31.1261,8.0,946.8888,40.4115,36.04823,-115.13119,603.0,NaN,0.21879584,0.47,3.216,0.7,17 / 23,"$GPVTG,,T,,M,0.0,N,0.0,K,A*23::$GPGSV,3,3,12,25,12,054,26,26,15,143,17,31,69,082,34,32,28,060,33*76::$GNVTG,0.7,T,0.7,M,0.9,N,1.7,K,A*32::$GNRMC,201403.00,A,3602.893661,N,11507.871408,W,0.9,0.7,011219,12.3,E,A*0D::$GPRMC,201250.00,A,3602.900816,N,11507.877206,W,0.0,,011219,12.3,E,A*38::$GPGGA,201250.00,3602.900816,N,11507.877206,W,1,00,0.7,621.0,M,-18.0,M,,*53::$GNGGA,201403.00,3602.893661,N,11507.871408,W,1,12,0.7,621.0,M,-18.0,M,,*45::$GNGSA,A,3,70,71,72,80,85,87,,,,,,,1.0,0.7,0.7,2*3D::$GPGSA,A,1,,,,,,,,,,,,,1.0,0.7,0.7,1*2C::$GAGSV,1,1,0,*74::$GLGSV,3,3,10,72,08,296,14,69,01,095,*63::$GBGSV,1,1,0,*77::$PQGSV,1,1,0,*73",5621,2019-12-01 12:14:02:427
-4.730606,1.763504,8.348557,-4.872995,2.345825,8.180551,0.063343,-0.551887,0.223242,0.488266,-0.22438,-0.94989,2147.4836,5.3009,-18.1641,-41.9647,115.4294,-13.947,30.6946,8.0,946.8888,40.4115,36.04823,-115.13119,603.0,NaN,0.21879584,0.47,3.216,0.7,17 / 23,"$GPVTG,,T,,M,0.0,N,0.0,K,A*23::$GPGSV,3,3,12,25,12,054,26,26,15,143,17,31,69,082,34,32,28,060,33*76::$GNVTG,0.7,T,0.7,M,0.9,N,1.7,K,A*32::$GNRMC,201403.00,A,3602.893661,N,11507.871408,W,0.9,0.7,011219,12.3,E,A*0D::$GPRMC,201250.00,A,3602.900816,N,11507.877206,W,0.0,,011219,12.3,E,A*38::$GPGGA,201250.00,3602.900816,N,11507.877206,W,1,00,0.7,621.0,M,-18.0,M,,*53::$GNGGA,201403.00,3602.893661,N,11507.871408,W,1,12,0.7,621.0,M,-18.0,M,,*45::$GNGSA,A,3,70,71,72,80,85,87,,,,,,,1.0,0.7,0.7,2*3D::$GPGSA,A,1,,,,,,,,,,,,,1.0,0.7,0.7,1*2C::$GAGSV,1,1,0,*74::$GLGSV,3,3,10,72,08,296,14,69,01,095,*63::$GBGSV,1,1,0,*77::$PQGSV,1,1,0,*73",5720,2019-12-01 12:14:02:526
-4.158722,2.565109,8.013565,-4.654782,2.554639,8.244829,0.434125,0.037515,-0.12865,0.752152,-0.619003,-1.018311,2147.4836,3.83,-20.2362,-39.7522,121.7078,-14.3135,30.2156,8.0,946.8904,39.18889,36.04823,-115.13119,603.0,NaN,0.20452672,0.47,3.216,0.7,17 / 23,"$GPVTG,,T,,M,0.0,N,0.0,K,A*23::$GPGSV,3,3,12,25,12,054,26,26,15,143,17,31,69,082,34,32,28,060,33*76::$GNVTG,0.7,T,0.7,M,0.9,N,1.7,K,A*32::$GNRMC,201403.00,A,3602.893661,N,11507.871408,W,0.9,0.7,011219,12.3,E,A*0D::$GPRMC,201250.00,A,3602.900816,N,11507.877206,W,0.0,,011219,12.3,E,A*38::$GPGGA,201250.00,3602.900816,N,11507.877206,W,1,00,0.7,621.0,M,-18.0,M,,*53::$GNGGA,201403.00,3602.893661,N,11507.871408,W,1,12,0.7,621.0,M,-18.0,M,,*45::$GNGSA,A,3,70,71,72,80,85,87,,,,,,,1.0,0.7,0.7,2*3D::$GPGSA,A,1,,,,,,,,,,,,,1.0,0.7,0.7,1*2C::$GAGSV,1,1,0,*74::$GLGSV,3,3,10,72,08,296,14,69,01,095,*63::$GBGSV,1,1,0,*77::$PQGSV,1,1,0,*73",5821,2019-12-01 12:14:02:627
-3.929016,2.864212,7.994416,-4.409207,2.693103,8.335255,0.481823,0.033633,-0.260612,0.819351,-0.609222,-1.021957,2147.4836,3.0396,-23.645,-37.529,131.7935,-15.795,27.9966,8.0,946.8904,39.18889,36.04823,-115.13119,603.0,NaN,0.20452672,0.47,3.216,0.7,17 / 23,"$GPVTG,,T,,M,0.0,N,0.0,K,A*23::$GPGSV,3,3,12,25,12,054,26,26,15,143,17,31,69,082,34,32,28,060,33*76::$GNVTG,0.7,T,0.7,M,0.9,N,1.7,K,A*32::$GNRMC,201403.00,A,3602.893661,N,11507.871408,W,0.9,0.7,011219,12.3,E,A*0D::$GPRMC,201250.00,A,3602.900816,N,11507.877206,W,0.0,,011219,12.3,E,A*38::$GPGGA,201250.00,3602.900816,N,11507.877206,W,1,00,0.7,621.0,M,-18.0,M,,*53::$GNGGA,201403.00,3602.893661,N,11507.871408,W,1,12,0.7,621.0,M,-18.0,M,,*45::$GNGSA,A,3,70,71,72,80,85,87,,,,,,,1.0,0.7,0.7,2*3D::$GPGSA,A,1,,,,,,,,,,,,,1.0,0.7,0.7,1*2C::$GAGSV,1,1,0,*74::$GLGSV,3,3,10,72,08,296,14,69,01,095,*63::$GBGSV,1,1,0,*77::$PQGSV,1,1,0,*73",5921,2019-12-01 12:14:02:727
-3.038879,1.737183,8.8367,-4.063252,2.566719,8.548235,0.797694,-0.288233,1.243247,0.697174,-0.661758,-1.212555,2147.4836,3.7201,-24.9756,-38.2553,132.1575,-15.0256,26.0264,8.0,946.8872,39.18889,36.04823,-115.13119,603.0,NaN,0.23211364,0.47,3.216,0.7,17 / 23,"$GPVTG,,T,,M,0.0,N,0.0,K,A*23::$GPGSV,3,3,12,25,12,054,26,26,15,143,17,31,69,082,34,32,28,060,33*76::$GNVTG,0.7,T,0.7,M,0.9,N,1.7,K,A*32::$GNRMC,201403.00,A,3602.893661,N,11507.871408,W,0.9,0.7,011219,12.3,E,A*0D::$GPRMC,201250.00,A,3602.900816,N,11507.877206,W,0.0,,011219,12.3,E,A*38::$GPGGA,201250.00,3602.900816,N,11507.877206,W,1,00,0.7,621.0,M,-18.0,M,,*53::$GNGGA,201403.00,3602.893661,N,11507.871408,W,1,12,0.7,621.0,M,-18.0,M,,*45::$GNGSA,A,3,70,71,72,80,85,87,,,,,,,1.0,0.7,0.7,2*3D::$GPGSA,A,1,,,,,,,,,,,,,1.0,0.7,0.7,1*2C::$GAGSV,1,1,0,*74::$GLGSV,3,3,10,72,08,296,14,69,01,095,*63::$GBGSV,1,1,0,*77::$PQGSV,1,1,0,*73",6020,2019-12-01 12:14:02:826
-2.443069,1.938187,8.267197,-3.886041,2.636475,8.609185,1.402141,-0.668489,-0.240146,0.455277,-0.74971,-1.219879,2147.4836,5.0659,-28.3325,-36.7676,148.0275,-15.5923,24.5741,8.0,946.8866,39.18889,36.04823,-115.13119,603.0,NaN,0.23687,0.47,3.216,0.7,17 / 23,"$GPVTG,,T,,M,0.0,N,0.0,K,A*23::$GPGSV,3,3,12,25,12,054,26,26,15,143,17,31,69,082,34,32,28,060,33*76::$GNVTG,0.7,T,0.7,M,0.9,N,1.7,K,A*32::$GNRMC,201403.00,A,3602.893661,N,11507.871408,W,0.9,0.7,011219,12.3,E,A*0D::$GPRMC,201250.00,A,3602.900816,N,11507.877206,W,0.0,,011219,12.3,E,A*38::$GPGGA,201250.00,3602.900816,N,11507.877206,W,1,00,0.7,621.0,M,-18.0,M,,*53::$GNGGA,201403.00,3602.893661,N,11507.871408,W,1,12,0.7,621.0,M,-18.0,M,,*45::$GNGSA,A,3,70,71,72,80,85,87,,,,,,,1.0,0.7,0.7,2*3D::$GPGSA,A,1,,,,,,,,,,,,,1.0,0.7,0.7,1*2C::$GAGSV,1,1,0,*74::$GLGSV,3,3,10,72,08,296,14,69,01,095,*63::$GBGSV,1,1,0,*77::$PQGSV,1,1,0,*73",6120,2019-12-01 12:14:02:926
-3.51506,1.808975,8.695511,-3.481048,2.555552,8.804648,0.602943,-0.774994,-0.382377,0.231705,-0.564026,-1.142914,2147.4836,5.0186,-30.3696,-35.289,158.5641,-15.413,22.436,8.0,946.8866,39.81975,36.04823,-115.13119,603.0,NaN,0.23687,0.47,3.216,0.7,17 / 23,"$GPVTG,,T,,M,0.0,N,0.0,K,A*23::$GPGSV,3,3,12,25,12,054,26,26,15,143,17,31,69,082,34,32,28,060,33*76::$GNVTG,0.7,T,0.7,M,0.9,N,1.7,K,A*32::$GNRMC,201403.00,A,3602.893661,N,11507.871408,W,0.9,0.7,011219,12.3,E,A*0D::$GPRMC,201250.00,A,3602.900816,N,11507.877206,W,0.0,,011219,12.3,E,A*38::$GPGGA,201250.00,3602.900816,N,11507.877206,W,1,00,0.7,621.0,M,-18.0,M,,*53::$GNGGA,201403.00,3602.893661,N,11507.871408,W,1,12,0.7,621.0,M,-18.0,M,,*45::$GNGSA,A,3,70,71,72,80,85,87,,,,,,,1.0,0.7,0.7,2*3D::$GPGSA,A,1,,,,,,,,,,,,,1.0,0.7,0.7,1*2C::$GAGSV,1,1,0,*74::$GLGSV,3,3,10,72,08,296,14,69,01,095,*63::$GBGSV,1,1,0,*77::$PQGSV,1,1,0,*73",6220,2019-12-01 12:14:03:026
-2.933594,2.321045,8.98027,-3.326198,2.513072,8.876445,0.032566,-0.231606,-0.068226,0.348999,-0.747269,-0.960861,2147.4836,6.4285,-31.0226,-33.0795,163.8924,-14.8319,20.9874,8.0,946.885,39.81975,36.04823,-115.13119,603.0,NaN,0.25018778,0.47,3.216,0.7,17 / 23,"$GPVTG,,T,,M,0.0,N,0.0,K,A*23::$GPGSV,3,3,12,25,12,054,26,26,15,143,17,31,69,082,34,32,28,060,33*76::$GNVTG,0.7,T,0.7,M,0.9,N,1.7,K,A*32::$GNRMC,201403.00,A,3602.893661,N,11507.871408,W,0.9,0.7,011219,12.3,E,A*0D::$GPRMC,201250.00,A,3602.900816,N,11507.877206,W,0.0,,011219,12.3,E,A*38::$GPGGA,201250.00,3602.900816,N,11507.877206,W,1,00,0.7,621.0,M,-18.0,M,,*53::$GNGGA,201403.00,3602.893661,N,11507.871408,W,1,12,0.7,621.0,M,-18.0,M,,*45::$GNGSA,A,3,70,71,72,80,85,87,,,,,,,1.0,0.7,0.7,2*3D::$GPGSA,A,1,,,,,,,,,,,,,1.0,0.7,0.7,1*2C::$GAGSV,1,1,0,*74::$GLGSV,3,3,10,72,08,296,14,69,01,095,*63::$GBGSV,1,1,0,*77::$PQGSV,1,1,0,*73",6320,2019-12-01 12:14:03:126
-2.967102,2.782852,8.362915,-3.191895,2.45175,8.942657,0.338673,0.390426,-0.442701,0.247589,-0.491928,-0.88147,2147.4836,8.5327,-32.3257,-33.8058,172.1849,-14.5067,19.7971,8.0,946.8847,39.81975,36.048225,-115.13119,602.0,NaN,0.2530416,0.0,3.216,,17 / 23,"$GPVTG,,T,,M,0.0,N,0.0,K,A*23::$GPGSV,3,3,12,25,12,054,23,26,15,143,19,31,69,082,35,32,28,060,31*7E::$GNVTG,,T,,M,0.0,N,0.0,K,A*3D::$GNRMC,201404.00,A,3602.893452,N,11507.871170,W,0.0,,011219,12.3,E,A*22::$GPRMC,201250.00,A,3602.900816,N,11507.877206,W,0.0,,011219,12.3,E,A*38::$GPGGA,201250.00,3602.900816,N,11507.877206,W,1,00,0.7,621.0,M,-18.0,M,,*53::$GNGGA,201404.00,3602.893452,N,11507.871170,W,1,12,0.7,620.0,M,-18.0,M,,*4B::$GNGSA,A,3,70,71,72,80,85,87,,,,,,,1.0,0.7,0.7,2*3D::$GPGSA,A,1,,,,,,,,,,,,,1.0,0.7,0.7,1*2C::$GAGSV,1,1,0,*74::$GLGSV,3,3,10,72,08,296,14,69,01,095,*63::$GBGSV,1,1,0,*77::$PQGSV,1,1,0,*73",6421,2019-12-01 12:14:03:227
-2.816345,3.120239,8.736191,-2.906864,2.628238,8.989599,0.100242,0.58596,-0.066974,0.532242,-0.38443,-0.523499,2147.4836,9.9426,-32.9697,-33.8013,172.0248,-14.8494,18.3064,8.0,946.8847,36.73474,36.048225,-115.13119,602.0,NaN,0.2530416,0.0,3.216,,17 / 23,"$GPVTG,,T,,M,0.0,N,0.0,K,A*23::$GPGSV,3,3,12,25,12,054,23,26,15,143,19,31,69,082,35,32,28,060,31*7E::$GNVTG,,T,,M,0.0,N,0.0,K,A*3D::$GNRMC,201404.00,A,3602.893452,N,11507.871170,W,0.0,,011219,12.3,E,A*22::$GPRMC,201250.00,A,3602.900816,N,11507.877206,W,0.0,,011219,12.3,E,A*38::$GPGGA,201250.00,3602.900816,N,11507.877206,W,1,00,0.7,621.0,M,-18.0,M,,*53::$GNGGA,201404.00,3602.893452,N,11507.871170,W,1,12,0.7,620.0,M,-18.0,M,,*4B::$GNGSA,A,3,70,71,72,80,85,87,,,,,,,1.0,0.7,0.7,2*3D::$GPGSA,A,1,,,,,,,,,,,,,1.0,0.7,0.7,1*2C::$GAGSV,1,1,0,*74::$GLGSV,3,3,10,72,08,296,14,69,01,095,*63::$GBGSV,1,1,0,*77::$PQGSV,1,1,0,*73",6520,2019-12-01 12:14:03:326
-2.794815,2.455032,8.786438,-2.708628,2.934489,8.956701,-0.225988,-0.531685,0.10694,0.571335,-0.182846,-0.039688,2147.4836,8.4869,-34.3735,-30.1224,177.3807,-17.019,16.9097,8.0,946.8842,36.73474,36.048225,-115.13119,602.0,NaN,0.25779793,0.0,3.216,,17 / 23,"$GPVTG,,T,,M,0.0,N,0.0,K,A*23::$GPGSV,3,3,12,25,12,054,23,26,15,143,19,31,69,082,35,32,28,060,31*7E::$GNVTG,,T,,M,0.0,N,0.0,K,A*3D::$GNRMC,201404.00,A,3602.893452,N,11507.871170,W,0.0,,011219,12.3,E,A*22::$GPRMC,201250.00,A,3602.900816,N,11507.877206,W,0.0,,011219,12.3,E,A*38::$GPGGA,201250.00,3602.900816,N,11507.877206,W,1,00,0.7,621.0,M,-18.0,M,,*53::$GNGGA,201404.00,3602.893452,N,11507.871170,W,1,12,0.7,620.0,M,-18.0,M,,*4B::$GNGSA,A,3,70,71,72,80,85,87,,,,,,,1.0,0.7,0.7,2*3D::$GPGSA,A,1,,,,,,,,,,,,,1.0,0.7,0.7,1*2C::$GAGSV,1,1,0,*74::$GLGSV,3,3,10,72,08,296,14,69,01,095,*63::$GBGSV,1,1,0,*77::$PQGSV,1,1,0,*73",6621,2019-12-01 12:14:03:427
-1.983643,2.359329,9.968506,-2.390618,3.015827,9.019985,0.418128,-0.589628,0.9047,-0.457321,-0.136414,-0.194839,2147.4836,5.5878,-36.4639,-30.1117,175.5226,-18.7356,15.419,8.0,946.8875,36.73474,36.048225,-115.13119,602.0,NaN,0.2302111,0.0,3.216,,17 / 23,"$GPVTG,,T,,M,0.0,N,0.0,K,A*23::$GPGSV,3,3,12,25,12,054,23,26,15,143,19,31,69,082,35,32,28,060,31*7E::$GNVTG,,T,,M,0.0,N,0.0,K,A*3D::$GNRMC,201404.00,A,3602.893452,N,11507.871170,W,0.0,,011219,12.3,E,A*22::$GPRMC,201250.00,A,3602.900816,N,11507.877206,W,0.0,,011219,12.3,E,A*38::$GPGGA,201250.00,3602.900816,N,11507.877206,W,1,00,0.7,621.0,M,-18.0,M,,*53::$GNGGA,201404.00,3602.893452,N,11507.871170,W,1,12,0.7,620.0,M,-18.0,M,,*4B::$GNGSA,A,3,70,71,72,80,85,87,,,,,,,1.0,0.7,0.7,2*3D::$GPGSA,A,1,,,,,,,,,,,,,1.0,0.7,0.7,1*2C::$GAGSV,1,1,0,*74::$GLGSV,3,3,10,72,08,296,14,69,01,095,*63::$GBGSV,1,1,0,*77::$PQGSV,1,1,0,*73",6721,2019-12-01 12:14:03:527
-1.897507,2.23729,7.788636,-2.194272,2.994675,9.076756,0.346773,-0.776615,-0.918817,0.370972,-0.015472,0.219284,2147.4836,5.6061,-35.7941,-28.6468,177.754,-17.428,13.6234,8.0,946.8875,36.43234,36.048225,-115.13119,602.0,NaN,0.2302111,0.0,3.216,,17 / 23,"$GPVTG,,T,,M,0.0,N,0.0,K,A*23::$GPGSV,3,3,12,25,12,054,23,26,15,143,19,31,69,082,35,32,28,060,31*7E::$GNVTG,,T,,M,0.0,N,0.0,K,A*3D::$GNRMC,201404.00,A,3602.893452,N,11507.871170,W,0.0,,011219,12.3,E,A*22::$GPRMC,201250.00,A,3602.900816,N,11507.877206,W,0.0,,011219,12.3,E,A*38::$GPGGA,201250.00,3602.900816,N,11507.877206,W,1,00,0.7,621.0,M,-18.0,M,,*53::$GNGGA,201404.00,3602.893452,N,11507.871170,W,1,12,0.7,620.0,M,-18.0,M,,*4B::$GNGSA,A,3,70,71,72,80,85,87,,,,,,,1.0,0.7,0.7,2*3D::$GPGSA,A,1,,,,,,,,,,,,,1.0,0.7,0.7,1*2C::$GAGSV,1,1,0,*74::$GLGSV,3,3,10,72,08,296,14,69,01,095,*63::$GBGSV,1,1,0,*77::$PQGSV,1,1,0,*73",6821,2019-12-01 12:14:03:627
-2.857025,2.000397,9.702896,-2.232307,2.726535,9.151677,-0.631009,-0.745196,0.717072,-0.392578,-0.046036,0.103226,2147.4836,7.0313,-35.7483,-31.5842,176.8723,-17.2479,13.2467,8.0,946.8869,36.43234,36.048225,-115.13119,602.0,NaN,0.23496746,0.0,3.216,,17 / 23,"$GPVTG,,T,,M,0.0,N,0.0,K,A*23::$GPGSV,3,3,12,25,12,054,23,26,15,143,19,31,69,082,35,32,28,060,31*7E::$GNVTG,,T,,M,0.0,N,0.0,K,A*3D::$GNRMC,201404.00,A,3602.893452,N,11507.871170,W,0.0,,011219,12.3,E,A*22::$GPRMC,201250.00,A,3602.900816,N,11507.877206,W,0.0,,011219,12.3,E,A*38::$GPGGA,201250.00,3602.900816,N,11507.877206,W,1,00,0.7,621.0,M,-18.0,M,,*53::$GNGGA,201404.00,3602.893452,N,11507.871170,W,1,12,0.7,620.0,M,-18.0,M,,*4B::$GNGSA,A,3,70,71,72,80,85,87,,,,,,,1.0,0.7,0.7,2*3D::$GPGSA,A,1,,,,,,,,,,,,,1.0,0.7,0.7,1*2C::$GAGSV,1,1,0,*74::$GLGSV,3,3,10,72,08,296,14,69,01,095,*63::$GBGSV,1,1,0,*77::$PQGSV,1,1,0,*73",6921,2019-12-01 12:14:03:727
-2.000397,2.132004,8.566299,-1.736231,2.407498,9.346649,-0.063859,-0.19139,-0.802481,-0.628372,-0.524933,-0.196075,2147.4836,4.9728,-32.4158,-31.6025,176.8753,-14.8529,11.0671,8.0,946.8834,36.43234,36.048225,-115.13119,602.0,NaN,0.2644568,0.0,3.216,,17 / 23,"$GPVTG,,T,,M,0.0,N,0.0,K,A*23::$GPGSV,3,3,12,25,12,054,23,26,15,143,19,31,69,082,35,32,28,060,31*7E::$GNVTG,,T,,M,0.0,N,0.0,K,A*3D::$GNRMC,201404.00,A,3602.893452,N,11507.871170,W,0.0,,011219,12.3,E,A*22::$GPRMC,201250.00,A,3602.900816,N,11507.877206,W,0.0,,011219,12.3,E,A*38::$GPGGA,201250.00,3602.900816,N,11507.877206,W,1,00,0.7,621.0,M,-18.0,M,,*53::$GNGGA,201404.00,3602.893452,N,11507.871170,W,1,12,0.7,620.0,M,-18.0,M,,*4B::$GNGSA,A,3,70,71,72,80,85,87,,,,,,,1.0,0.7,0.7,2*3D::$GPGSA,A,1,,,,,,,,,,,,,1.0,0.7,0.7,1*2C::$GAGSV,1,1,0,*74::$GLGSV,3,3,10,72,08,296,14,69,01,095,*63::$GBGSV,1,1,0,*77::$PQGSV,1,1,0,*73",7021,2019-12-01 12:14:03:827
-2.098511,1.598404,9.193222,-1.552082,2.187818,9.43265,-0.4539,-0.560812,-0.128928,-0.059067,0.241074,-0.1521,2147.4836,3.5614,-31.7612,-33.8119,171.952,-12.8904,8.9968,8.0,946.8834,36.43234,36.048225,-115.13119,602.0,NaN,0.2644568,0.0,3.216,,17 / 23,"$GPVTG,,T,,M,0.0,N,0.0,K,A*23::$GPGSV,3,3,12,25,12,054,23,26,15,143,19,31,69,082,35,32,28,060,31*7E::$GNVTG,,T,,M,0.0,N,0.0,K,A*3D::$GNRMC,201404.00,A,3602.893452,N,11507.871170,W,0.0,,011219,12.3,E,A*22::$GPRMC,201250.00,A,3602.900816,N,11507.877206,W,0.0,,011219,12.3,E,A*38::$GPGGA,201250.00,3602.900816,N,11507.877206,W,1,00,0.7,621.0,M,-18.0,M,,*53::$GNGGA,201404.00,3602.893452,N,11507.871170,W,1,12,0.7,620.0,M,-18.0,M,,*4B::$GNGSA,A,3,70,71,72,80,85,87,,,,,,,1.0,0.7,0.7,2*3D::$GPGSA,A,1,,,,,,,,,,,,,1.0,0.7,0.7,1*2C::$GAGSV,1,1,0,*74::$GLGSV,3,3,10,72,08,296,14,69,01,095,*63::$GBGSV,1,1,0,*77::$PQGSV,1,1,0,*73",7121,2019-12-01 12:14:03:927
-1.304092,1.677368,9.102295,-1.689269,2.160036,9.415466,0.192242,-0.539671,-0.228451,0.072876,0.137238,-0.192398,2147.4836,4.245,-33.1055,-32.3349,176.1835,-12.7333,10.1,8.0,946.885,33.57311,36.048225,-115.13119,602.0,NaN,0.25018778,0.0,3.216,,17 / 23,"$GPVTG,,T,,M,0.0,N,0.0,K,A*23::$GPGSV,3,3,12,25,12,054,23,26,15,143,19,31,69,082,35,32,28,060,31*7E::$GNVTG,,T,,M,0.0,N,0.0,K,A*3D::$GNRMC,201404.00,A,3602.893452,N,11507.871170,W,0.0,,011219,12.3,E,A*22::$GPRMC,201250.00,A,3602.900816,N,11507.877206,W,0.0,,011219,12.3,E,A*38::$GPGGA,201250.00,3602.900816,N,11507.877206,W,1,00,0.7,621.0,M,-18.0,M,,*53::$GNGGA,201404.00,3602.893452,N,11507.871170,W,1,12,0.7,620.0,M,-18.0,M,,*4B::$GNGSA,A,3,70,71,72,80,85,87,,,,,,,1.0,0.7,0.7,2*3D::$GPGSA,A,1,,,,,,,,,,,,,1.0,0.7,0.7,1*2C::$GAGSV,1,1,0,*74::$GLGSV,3,3,10,72,08,296,14,69,01,095,*63::$GBGSV,1,1,0,*77::$PQGSV,1,1,0,*73",7220,2019-12-01 12:14:04:026
-1.576874,1.507477,8.712265,-1.894259,2.021293,9.40726,0.206082,-0.623665,-0.121206,0.369766,0.591705,0.156982,2147.4836,4.274,-31.749,-33.078,179.226,-11.7139,10.2534,8.0,946.8877,33.57311,36.048225,-115.13119,602.0,NaN,0.22830856,0.0,3.216,,17 / 23,"$GPVTG,,T,,M,0.0,N,0.0,K,A*23::$GPGSV,3,3,12,25,12,054,23,26,15,143,19,31,69,082,32,32,28,060,32*7A::$GNVTG,,T,,M,0.0,N,0.0,K,A*3D::$GNRMC,201404.00,A,3602.893452,N,11507.871170,W,0.0,,011219,12.3,E,A*22::$GPRMC,201250.00,A,3602.900816,N,11507.877206,W,0.0,,011219,12.3,E,A*38::$GPGGA,201250.00,3602.900816,N,11507.877206,W,1,00,0.7,621.0,M,-18.0,M,,*53::$GNGGA,201404.00,3602.893452,N,11507.871170,W,1,12,0.7,620.0,M,-18.0,M,,*4B::$GNGSA,A,3,70,71,72,80,85,87,,,,,,,1.0,0.7,0.7,2*3D::$GPGSA,A,1,,,,,,,,,,,,,1.0,0.7,0.7,1*2C::$GAGSV,1,1,0,*74::$GLGSV,3,3,10,72,08,296,15,69,01,095,*62::$GBGSV,1,1,0,*77::$PQGSV,1,1,0,*73",7321,2019-12-01 12:14:04:127
-1.921432,2.007584,9.174088,-2.019589,2.0977,9.364363,0.108019,-0.001971,-0.008243,-0.049286,0.115234,-0.210724,2147.4836,7.8064,-33.02,-33.0673,182.1856,-12.3996,12.0206,8.0,946.8885,33.57311,36.04822,-115.13118,601.0,NaN,0.22164965,0.0,3.216,,17 / 23,"$GPVTG,,T,,M,0.0,N,0.0,K,A*23::$GPGSV,3,3,12,25,12,054,23,26,15,143,19,31,69,082,32,32,28,060,32*7A::$GNVTG,,T,,M,0.0,N,0.0,K,A*3D::$GNRMC,201405.00,A,3602.893274,N,11507.870858,W,0.0,,011219,12.3,E,A*23::$GPRMC,201250.00,A,3602.900816,N,11507.877206,W,0.0,,011219,12.3,E,A*38::$GPGGA,201250.00,3602.900816,N,11507.877206,W,1,00,0.7,621.0,M,-18.0,M,,*53::$GNGGA,201405.00,3602.893274,N,11507.870858,W,1,12,0.7,619.0,M,-18.0,M,,*40::$GNGSA,A,3,70,71,72,80,85,87,,,,,,,1.0,0.7,0.7,2*3D::$GPGSA,A,1,,,,,,,,,,,,,1.0,0.7,0.7,1*2C::$GAGSV,1,1,0,*74::$GLGSV,3,3,10,72,08,296,15,69,01,095,*62::$GBGSV,1,1,0,*77::$PQGSV,1,1,0,*73",7420,2019-12-01 12:14:04:226
-1.986038,1.624725,9.406189,-2.075748,1.995923,9.374324,-0.549604,-0.822847,0.602447,0.039886,0.305832,0.029922,2147.4836,6.4117,-31.6971,-33.8104,172.4042,-11.9203,12.1348,8.0,946.8885,34.71468,36.04822,-115.13118,601.0,NaN,0.22164965,0.0,3.216,,17 / 23,"$GPVTG,,T,,M,0.0,N,0.0,K,A*23::$GPGSV,3,3,12,25,12,054,23,26,15,143,19,31,69,082,32,32,28,060,32*7A::$GNVTG,,T,,M,0.0,N,0.0,K,A*3D::$GNRMC,201405.00,A,3602.893274,N,11507.870858,W,0.0,,011219,12.3,E,A*23::$GPRMC,201250.00,A,3602.900816,N,11507.877206,W,0.0,,011219,12.3,E,A*38::$GPGGA,201250.00,3602.900816,N,11507.877206,W,1,00,0.7,621.0,M,-18.0,M,,*53::$GNGGA,201405.00,3602.893274,N,11507.870858,W,1,12,0.7,619.0,M,-18.0,M,,*40::$GNGSA,A,3,70,71,72,80,85,87,,,,,,,1.0,0.7,0.7,2*3D::$GPGSA,A,1,,,,,,,,,,,,,1.0,0.7,0.7,1*2C::$GAGSV,1,1,0,*74::$GLGSV,3,3,10,72,08,296,15,69,01,095,*62::$GBGSV,1,1,0,*77::$PQGSV,1,1,0,*73",7520,2019-12-01 12:14:04:326
-1.895111,1.849655,9.322433,-2.227692,2.003479,9.337765,0.370115,-0.128512,0.09743,-0.081039,0.125,0.021378,2147.4836,7.8217,-32.3441,-33.0719,180.2908,-11.7884,13.4181,8.0,946.8934,34.71468,36.04822,-115.13118,601.0,NaN,0.17979354,0.0,3.216,,17 / 23,"$GPVTG,,T,,M,0.0,N,0.0,K,A*23::$GPGSV,3,3,12,25,12,054,23,26,15,143,19,31,69,082,32,32,28,060,32*7A::$GNVTG,,T,,M,0.0,N,0.0,K,A*3D::$GNRMC,201405.00,A,3602.893274,N,11507.870858,W,0.0,,011219,12.3,E,A*23::$GPRMC,201250.00,A,3602.900816,N,11507.877206,W,0.0,,011219,12.3,E,A*38::$GPGGA,201250.00,3602.900816,N,11507.877206,W,1,00,0.7,621.0,M,-18.0,M,,*53::$GNGGA,201405.00,3602.893274,N,11507.870858,W,1,12,0.7,619.0,M,-18.0,M,,*40::$GNGSA,A,3,70,71,72,80,85,87,,,,,,,1.0,0.7,0.7,2*3D::$GPGSA,A,1,,,,,,,,,,,,,1.0,0.7,0.7,1*2C::$GAGSV,1,1,0,*74::$GLGSV,3,3,10,72,08,296,15,69,01,095,*62::$GBGSV,1,1,0,*77::$PQGSV,1,1,0,*73",7621,2019-12-01 12:14:04:427
-2.081757,1.749161,9.147766,-2.247303,1.964998,9.341241,0.12435,-0.199843,-0.051623,-0.037079,0.04805,0.05069,2147.4836,6.3644,-33.725,-33.7997,174.8178,-11.4893,13.6974,8.0,946.8961,34.71468,36.04822,-115.13118,601.0,NaN,0.15696283,0.0,3.216,,17 / 23,"$GPVTG,,T,,M,0.0,N,0.0,K,A*23::$GPGSV,3,3,12,25,12,054,23,26,15,143,19,31,69,082,32,32,28,060,32*7A::$GNVTG,,T,,M,0.0,N,0.0,K,A*3D::$GNRMC,201405.00,A,3602.893274,N,11507.870858,W,0.0,,011219,12.3,E,A*23::$GPRMC,201250.00,A,3602.900816,N,11507.877206,W,0.0,,011219,12.3,E,A*38::$GPGGA,201250.00,3602.900816,N,11507.877206,W,1,00,0.7,621.0,M,-18.0,M,,*53::$GNGGA,201405.00,3602.893274,N,11507.870858,W,1,12,0.7,619.0,M,-18.0,M,,*40::$GNGSA,A,3,70,71,72,80,85,87,,,,,,,1.0,0.7,0.7,2*3D::$GPGSA,A,1,,,,,,,,,,,,,1.0,0.7,0.7,1*2C::$GAGSV,1,1,0,*74::$GLGSV,3,3,10,72,08,296,15,69,01,095,*62::$GBGSV,1,1,0,*77::$PQGSV,1,1,0,*73",7721,2019-12-01 12:14:04:527
-2.251648,1.722839,9.004196,-2.246586,1.945522,9.34549,-0.062311,-0.159586,-0.230713,-0.150681,0.018723,-0.014053,2147.4836,7.1091,-32.3578,-33.8074,177.1992,-11.4697,13.6093,8.0,946.8961,34.83186,36.04822,-115.13118,601.0,NaN,0.15696283,0.0,3.216,,17 / 23,"$GPVTG,,T,,M,0.0,N,0.0,K,A*23::$GPGSV,3,3,12,25,12,054,23,26,15,143,19,31,69,082,32,32,28,060,32*7A::$GNVTG,,T,,M,0.0,N,0.0,K,A*3D::$GNRMC,201405.00,A,3602.893274,N,11507.870858,W,0.0,,011219,12.3,E,A*23::$GPRMC,201250.00,A,3602.900816,N,11507.877206,W,0.0,,011219,12.3,E,A*38::$GPGGA,201250.00,3602.900816,N,11507.877206,W,1,00,0.7,621.0,M,-18.0,M,,*53::$GNGGA,201405.00,3602.893274,N,11507.870858,W,1,12,0.7,619.0,M,-18.0,M,,*40::$GNGSA,A,3,70,71,72,80,85,87,,,,,,,1.0,0.7,0.7,2*3D::$GPGSA,A,1,,,,,,,,,,,,,1.0,0.7,0.7,1*2C::$GAGSV,1,1,0,*74::$GLGSV,3,3,10,72,08,296,15,69,01,095,*62::$GBGSV,1,1,0,*77::$PQGSV,1,1,0,*73",7821,2019-12-01 12:14:04:627
-2.021942,1.804184,9.279373,-2.274598,1.859333,9.356254,0.253776,-0.022035,0.069043,0.08754,-0.125427,0.003052,2147.4836,7.8369,-31.6589,-35.2798,173.7633,-10.7958,13.931,8.0,946.8989,34.83186,36.04822,-115.13118,601.0,NaN,0.13413207,0.0,3.216,,17 / 23,"$GPVTG,,T,,M,0.0,N,0.0,K,A*23::$GPGSV,3,3,12,25,12,054,23,26,15,143,19,31,69,082,32,32,28,060,32*7A::$GNVTG,,T,,M,0.0,N,0.0,K,A*3D::$GNRMC,201405.00,A,3602.893274,N,11507.870858,W,0.0,,011219,12.3,E,A*23::$GPRMC,201250.00,A,3602.900816,N,11507.877206,W,0.0,,011219,12.3,E,A*38::$GPGGA,201250.00,3602.900816,N,11507.877206,W,1,00,0.7,621.0,M,-18.0,M,,*53::$GNGGA,201405.00,3602.893274,N,11507.870858,W,1,12,0.7,619.0,M,-18.0,M,,*40::$GNGSA,A,3,70,71,72,80,85,87,,,,,,,1.0,0.7,0.7,2*3D::$GPGSA,A,1,,,,,,,,,,,,,1.0,0.7,0.7,1*2C::$GAGSV,1,1,0,*74::$GLGSV,3,3,10,72,08,296,15,69,01,095,*62::$GBGSV,1,1,0,*77::$PQGSV,1,1,0,*73",7921,2019-12-01 12:14:04:727
-2.790024,1.933395,8.367707,-2.444994,1.83026,9.318933,-0.427307,0.159404,-0.915341,-0.133575,-0.120529,-0.1521,2147.4836,9.2453,-32.3029,-35.2768,179.6358,-10.8526,14.6689,8.0,946.8882,34.83186,36.04822,-115.13118,601.0,NaN,0.2235522,0.0,3.216,,17 / 23,"$GPVTG,,T,,M,0.0,N,0.0,K,A*23::$GPGSV,3,3,12,25,12,054,23,26,15,143,19,31,69,082,32,32,28,060,32*7A::$GNVTG,,T,,M,0.0,N,0.0,K,A*3D::$GNRMC,201405.00,A,3602.893274,N,11507.870858,W,0.0,,011219,12.3,E,A*23::$GPRMC,201250.00,A,3602.900816,N,11507.877206,W,0.0,,011219,12.3,E,A*38::$GPGGA,201250.00,3602.900816,N,11507.877206,W,1,00,0.7,621.0,M,-18.0,M,,*53::$GNGGA,201405.00,3602.893274,N,11507.870858,W,1,12,0.7,619.0,M,-18.0,M,,*40::$GNGSA,A,3,70,71,72,80,85,87,,,,,,,1.0,0.7,0.7,2*3D::$GPGSA,A,1,,,,,,,,,,,,,1.0,0.7,0.7,1*2C::$GAGSV,1,1,0,*74::$GLGSV,3,3,10,72,08,296,15,69,01,095,*62::$GBGSV,1,1,0,*77::$PQGSV,1,1,0,*73",8021,2019-12-01 12:14:04:827
-2.545959,2.165512,8.398804,-2.537641,1.675371,9.323298,-0.05466,0.514439,-0.799012,-0.265518,-0.325775,-0.077576,2147.4836,7.8369,-31.665,-33.8089,177.9832,-10.0893,15.1458,8.0,946.8882,34.83186,36.04822,-115.13118,601.0,NaN,0.2235522,0.0,3.216,,17 / 23,"$GPVTG,,T,,M,0.0,N,0.0,K,A*23::$GPGSV,3,3,12,25,12,054,23,26,15,143,19,31,69,082,32,32,28,060,32*7A::$GNVTG,,T,,M,0.0,N,0.0,K,A*3D::$GNRMC,201405.00,A,3602.893274,N,11507.870858,W,0.0,,011219,12.3,E,A*23::$GPRMC,201250.00,A,3602.900816,N,11507.877206,W,0.0,,011219,12.3,E,A*38::$GPGGA,201250.00,3602.900816,N,11507.877206,W,1,00,0.7,621.0,M,-18.0,M,,*53::$GNGGA,201405.00,3602.893274,N,11507.870858,W,1,12,0.7,619.0,M,-18.0,M,,*40::$GNGSA,A,3,70,71,72,80,85,87,,,,,,,1.0,0.7,0.7,2*3D::$GPGSA,A,1,,,,,,,,,,,,,1.0,0.7,0.7,1*2C::$GAGSV,1,1,0,*74::$GLGSV,3,3,10,72,08,296,15,69,01,095,*62::$GBGSV,1,1,0,*77::$PQGSV,1,1,0,*73",8120,2019-12-01 12:14:04:926